,OldIO,NewIO,NIOBase,NIOType,ChunkedNIO,SingleWriteNIO,DirectNIO,S100MiB,S1MiB,INCompressor,Verifier,ITracing,Tracing,TracingLevel,Severe,Finest,Statistics,PERF
0,1,0,0,0,0,0,0,1,0,0,0,0,0,0,0,0,0,3451
1,1,0,0,0,0,0,0,1,0,0,0,0,0,0,0,0,1,3138
2,1,0,0,0,0,0,0,1,0,1,0,0,0,0,0,0,0,3314
3,1,0,0,0,0,0,0,1,0,1,0,0,0,0,0,0,1,3398
4,1,0,0,0,0,0,0,1,0,1,1,0,0,0,0,0,0,3269
5,1,0,0,0,0,0,0,1,0,1,1,0,0,0,0,0,1,3333
6,1,0,0,0,0,0,0,0,1,0,0,0,0,0,0,0,0,5231
7,1,0,0,0,0,0,0,0,1,0,0,0,0,0,0,0,1,5289
8,1,0,0,0,0,0,0,0,1,1,0,0,0,0,0,0,0,5235
9,1,0,0,0,0,0,0,0,1,1,0,0,0,0,0,0,1,5304
10,1,0,0,0,0,0,0,0,1,1,1,0,0,0,0,0,0,5241
11,1,0,0,0,0,0,0,0,1,1,1,0,0,0,0,0,1,5338
12,1,0,0,0,0,0,0,1,0,0,0,1,1,1,1,0,0,3269
13,1,0,0,0,0,0,0,1,0,0,0,1,1,1,1,0,1,3139
14,1,0,0,0,0,0,0,1,0,1,0,1,1,1,1,0,0,3264
15,1,0,0,0,0,0,0,1,0,1,0,1,1,1,1,0,1,3153
16,1,0,0,0,0,0,0,1,0,1,1,1,1,1,1,0,0,3161
17,1,0,0,0,0,0,0,1,0,1,1,1,1,1,1,0,1,3512
18,1,0,0,0,0,0,0,0,1,0,0,1,1,1,1,0,0,5228
19,1,0,0,0,0,0,0,0,1,0,0,1,1,1,1,0,1,5328
20,1,0,0,0,0,0,0,0,1,1,0,1,1,1,1,0,0,5220
21,1,0,0,0,0,0,0,0,1,1,0,1,1,1,1,0,1,5310
22,1,0,0,0,0,0,0,0,1,1,1,1,1,1,1,0,0,5309
23,1,0,0,0,0,0,0,0,1,1,1,1,1,1,1,0,1,5328
24,1,0,0,0,0,0,0,0,1,0,0,1,1,1,0,1,0,14638
25,1,0,0,0,0,0,0,0,1,0,0,1,1,1,0,1,1,14761
26,1,0,0,0,0,0,0,0,1,1,0,1,1,1,0,1,0,14562
27,1,0,0,0,0,0,0,0,1,1,0,1,1,1,0,1,1,14786
28,1,0,0,0,0,0,0,0,1,1,1,1,1,1,0,1,0,14580
29,1,0,0,0,0,0,0,0,1,1,1,1,1,1,0,1,1,14905
30,1,0,0,0,0,0,0,1,0,0,0,1,1,1,0,1,0,4714
31,1,0,0,0,0,0,0,1,0,0,0,1,1,1,0,1,1,4881
32,1,0,0,0,0,0,0,1,0,1,0,1,1,1,0,1,0,4768
33,1,0,0,0,0,0,0,1,0,1,0,1,1,1,0,1,1,4879
34,1,0,0,0,0,0,0,1,0,1,1,1,1,1,0,1,0,4787
35,1,0,0,0,0,0,0,1,0,1,1,1,1,1,0,1,1,4903
36,0,1,1,1,1,0,0,1,0,0,0,0,0,0,0,0,0,3182
37,0,1,1,1,1,0,0,1,0,0,0,0,0,0,0,0,1,3232
38,0,1,1,1,1,0,1,1,0,0,0,0,0,0,0,0,0,3299
39,0,1,1,1,1,0,1,1,0,0,0,0,0,0,0,0,1,3428
40,0,1,1,1,1,0,0,1,0,1,0,0,0,0,0,0,0,3268
41,0,1,1,1,1,0,0,1,0,1,0,0,0,0,0,0,1,3412
42,0,1,1,1,1,0,1,1,0,1,0,0,0,0,0,0,0,3089
43,0,1,1,1,1,0,1,1,0,1,0,0,0,0,0,0,1,3605
44,0,1,1,1,1,0,0,1,0,1,1,0,0,0,0,0,0,3271
45,0,1,1,1,1,0,1,1,0,1,1,0,0,0,0,0,0,3341
46,0,1,1,1,1,0,0,1,0,1,1,0,0,0,0,0,1,3053
47,0,1,1,1,1,0,1,1,0,1,1,0,0,0,0,0,1,3429
48,0,1,1,1,1,0,0,0,1,0,0,0,0,0,0,0,0,5194
49,0,1,1,1,1,0,0,0,1,0,0,0,0,0,0,0,1,5350
50,0,1,1,1,1,0,1,0,1,0,0,0,0,0,0,0,0,5463
51,0,1,1,1,1,0,1,0,1,0,0,0,0,0,0,0,1,5468
52,0,1,1,1,1,0,0,0,1,1,0,0,0,0,0,0,0,5231
53,0,1,1,1,1,0,1,0,1,1,0,0,0,0,0,0,0,5432
54,0,1,1,1,1,0,0,0,1,1,0,0,0,0,0,0,1,5308
55,0,1,1,1,1,0,1,0,1,1,0,0,0,0,0,0,1,5515
56,0,1,1,1,1,0,0,0,1,1,1,0,0,0,0,0,0,5263
57,0,1,1,1,1,0,0,0,1,1,1,0,0,0,0,0,1,5316
58,0,1,1,1,1,0,1,0,1,1,1,0,0,0,0,0,0,5435
59,0,1,1,1,1,0,1,0,1,1,1,0,0,0,0,0,1,5494
60,0,1,1,1,0,1,0,0,1,0,0,0,0,0,0,0,0,5207
61,0,1,1,1,0,1,1,0,1,0,0,0,0,0,0,0,0,5365
62,0,1,1,1,0,1,0,0,1,0,0,0,0,0,0,0,1,5295
63,0,1,1,1,0,1,1,0,1,0,0,0,0,0,0,0,1,5486
64,0,1,1,1,0,1,0,0,1,1,0,0,0,0,0,0,0,5256
65,0,1,1,1,0,1,1,0,1,1,0,0,0,0,0,0,0,5449
66,0,1,1,1,0,1,0,0,1,1,0,0,0,0,0,0,1,5328
67,0,1,1,1,0,1,1,0,1,1,0,0,0,0,0,0,1,5510
68,0,1,1,1,0,1,0,0,1,1,1,0,0,0,0,0,0,5235
69,0,1,1,1,0,1,0,0,1,1,1,0,0,0,0,0,1,5387
70,0,1,1,1,0,1,1,0,1,1,1,0,0,0,0,0,0,5421
71,0,1,1,1,0,1,1,0,1,1,1,0,0,0,0,0,1,5502
72,0,1,1,1,0,1,0,1,0,0,0,0,0,0,0,0,0,3249
73,0,1,1,1,0,1,1,1,0,0,0,0,0,0,0,0,0,3065
74,0,1,1,1,0,1,0,1,0,0,0,0,0,0,0,0,1,3177
75,0,1,1,1,0,1,1,1,0,0,0,0,0,0,0,0,1,3235
76,0,1,1,1,0,1,0,1,0,1,0,0,0,0,0,0,0,3263
77,0,1,1,1,0,1,0,1,0,1,0,0,0,0,0,0,1,3143
78,0,1,1,1,0,1,1,1,0,1,0,0,0,0,0,0,0,3085
79,0,1,1,1,0,1,1,1,0,1,0,0,0,0,0,0,1,3058
80,0,1,1,1,0,1,0,1,0,1,1,0,0,0,0,0,0,3216
81,0,1,1,1,0,1,1,1,0,1,1,0,0,0,0,0,0,3336
82,0,1,1,1,0,1,0,1,0,1,1,0,0,0,0,0,1,3347
83,0,1,1,1,0,1,1,1,0,1,1,0,0,0,0,0,1,3517
84,0,1,1,1,1,0,0,0,1,0,0,1,1,1,1,0,0,5216
85,0,1,1,1,1,0,1,0,1,0,0,1,1,1,1,0,0,5361
86,0,1,1,1,1,0,0,0,1,0,0,1,1,1,1,0,1,5356
87,0,1,1,1,1,0,1,0,1,0,0,1,1,1,1,0,1,5462
88,0,1,1,1,1,0,0,0,1,1,0,1,1,1,1,0,0,5233
89,0,1,1,1,1,0,0,0,1,1,0,1,1,1,1,0,1,5343
90,0,1,1,1,1,0,1,0,1,1,0,1,1,1,1,0,0,5390
91,0,1,1,1,1,0,1,0,1,1,0,1,1,1,1,0,1,5548
92,0,1,1,1,1,0,0,0,1,1,1,1,1,1,1,0,0,5274
93,0,1,1,1,1,0,1,0,1,1,1,1,1,1,1,0,0,5419
94,0,1,1,1,1,0,0,0,1,1,1,1,1,1,1,0,1,5314
95,0,1,1,1,1,0,1,0,1,1,1,1,1,1,1,0,1,5508
96,0,1,1,1,1,0,0,1,0,0,0,1,1,1,1,0,0,2986
97,0,1,1,1,1,0,0,1,0,0,0,1,1,1,1,0,1,3155
98,0,1,1,1,1,0,1,1,0,0,0,1,1,1,1,0,0,3171
99,0,1,1,1,1,0,1,1,0,0,0,1,1,1,1,0,1,3325
100,0,1,1,1,1,0,0,1,0,1,0,1,1,1,1,0,0,3157
101,0,1,1,1,1,0,0,1,0,1,0,1,1,1,1,0,1,2960
102,0,1,1,1,1,0,1,1,0,1,0,1,1,1,1,0,0,3154
103,0,1,1,1,1,0,1,1,0,1,0,1,1,1,1,0,1,3424
104,0,1,1,1,1,0,0,1,0,1,1,1,1,1,1,0,0,3195
105,0,1,1,1,1,0,1,1,0,1,1,1,1,1,1,0,0,3258
106,0,1,1,1,1,0,0,1,0,1,1,1,1,1,1,0,1,3155
107,0,1,1,1,1,0,1,1,0,1,1,1,1,1,1,0,1,3457
108,0,1,1,1,0,1,0,1,0,0,0,1,1,1,1,0,0,3165
109,0,1,1,1,0,1,0,1,0,0,0,1,1,1,1,0,1,3106
110,0,1,1,1,0,1,1,1,0,0,0,1,1,1,1,0,0,3161
111,0,1,1,1,0,1,1,1,0,0,0,1,1,1,1,0,1,3303
112,0,1,1,1,0,1,0,1,0,1,0,1,1,1,1,0,0,3178
113,0,1,1,1,0,1,1,1,0,1,0,1,1,1,1,0,0,3127
114,0,1,1,1,0,1,0,1,0,1,0,1,1,1,1,0,1,3185
115,0,1,1,1,0,1,1,1,0,1,0,1,1,1,1,0,1,3167
116,0,1,1,1,0,1,0,1,0,1,1,1,1,1,1,0,0,3532
117,0,1,1,1,0,1,0,1,0,1,1,1,1,1,1,0,1,3238
118,0,1,1,1,0,1,1,1,0,1,1,1,1,1,1,0,0,3358
119,0,1,1,1,0,1,1,1,0,1,1,1,1,1,1,0,1,3230
120,0,1,1,1,0,1,0,0,1,0,0,1,1,1,1,0,0,5186
121,0,1,1,1,0,1,1,0,1,0,0,1,1,1,1,0,0,5354
122,0,1,1,1,0,1,0,0,1,0,0,1,1,1,1,0,1,5342
123,0,1,1,1,0,1,1,0,1,0,0,1,1,1,1,0,1,5499
124,0,1,1,1,0,1,0,0,1,1,0,1,1,1,1,0,0,5230
125,0,1,1,1,0,1,1,0,1,1,0,1,1,1,1,0,0,5465
126,0,1,1,1,0,1,0,0,1,1,0,1,1,1,1,0,1,5314
127,0,1,1,1,0,1,1,0,1,1,0,1,1,1,1,0,1,5457
128,0,1,1,1,0,1,0,0,1,1,1,1,1,1,1,0,0,5241
129,0,1,1,1,0,1,0,0,1,1,1,1,1,1,1,0,1,5339
130,0,1,1,1,0,1,1,0,1,1,1,1,1,1,1,0,0,5420
131,0,1,1,1,0,1,1,0,1,1,1,1,1,1,1,0,1,5467
132,0,1,1,1,1,0,0,0,1,0,0,1,1,1,0,1,0,14685
133,0,1,1,1,1,0,1,0,1,0,0,1,1,1,0,1,0,16342
134,0,1,1,1,1,0,0,0,1,0,0,1,1,1,0,1,1,14744
135,0,1,1,1,1,0,1,0,1,0,0,1,1,1,0,1,1,16479
136,0,1,1,1,1,0,0,0,1,1,0,1,1,1,0,1,0,14594
137,0,1,1,1,1,0,0,0,1,1,0,1,1,1,0,1,1,14694
138,0,1,1,1,1,0,1,0,1,1,0,1,1,1,0,1,0,16351
139,0,1,1,1,1,0,1,0,1,1,0,1,1,1,0,1,1,16440
140,0,1,1,1,1,0,0,0,1,1,1,1,1,1,0,1,0,14785
141,0,1,1,1,1,0,1,0,1,1,1,1,1,1,0,1,0,16399
142,0,1,1,1,1,0,0,0,1,1,1,1,1,1,0,1,1,14656
143,0,1,1,1,1,0,1,0,1,1,1,1,1,1,0,1,1,16448
144,0,1,1,1,0,1,0,0,1,0,0,1,1,1,0,1,0,14653
145,0,1,1,1,0,1,0,0,1,0,0,1,1,1,0,1,1,14852
146,0,1,1,1,0,1,1,0,1,0,0,1,1,1,0,1,0,16427
147,0,1,1,1,0,1,1,0,1,0,0,1,1,1,0,1,1,16446
148,0,1,1,1,0,1,0,0,1,1,0,1,1,1,0,1,0,14627
149,0,1,1,1,0,1,0,0,1,1,0,1,1,1,0,1,1,14710
150,0,1,1,1,0,1,1,0,1,1,0,1,1,1,0,1,0,16401
151,0,1,1,1,0,1,1,0,1,1,0,1,1,1,0,1,1,16531
152,0,1,1,1,0,1,0,0,1,1,1,1,1,1,0,1,0,14667
153,0,1,1,1,0,1,1,0,1,1,1,1,1,1,0,1,0,16392
154,0,1,1,1,0,1,0,0,1,1,1,1,1,1,0,1,1,14727
155,0,1,1,1,0,1,1,0,1,1,1,1,1,1,0,1,1,16442
156,0,1,1,1,0,1,0,1,0,0,0,1,1,1,0,1,0,4705
157,0,1,1,1,0,1,0,1,0,0,0,1,1,1,0,1,1,4894
158,0,1,1,1,0,1,1,1,0,0,0,1,1,1,0,1,0,4951
159,0,1,1,1,0,1,1,1,0,0,0,1,1,1,0,1,1,5045
160,0,1,1,1,0,1,0,1,0,1,0,1,1,1,0,1,0,4759
161,0,1,1,1,0,1,1,1,0,1,0,1,1,1,0,1,0,4920
162,0,1,1,1,0,1,0,1,0,1,0,1,1,1,0,1,1,4915
163,0,1,1,1,0,1,1,1,0,1,0,1,1,1,0,1,1,5048
164,0,1,1,1,0,1,0,1,0,1,1,1,1,1,0,1,0,4668
165,0,1,1,1,0,1,0,1,0,1,1,1,1,1,0,1,1,4897
166,0,1,1,1,0,1,1,1,0,1,1,1,1,1,0,1,0,4957
167,0,1,1,1,0,1,1,1,0,1,1,1,1,1,0,1,1,5091
168,0,1,1,1,1,0,0,1,0,0,0,1,1,1,0,1,0,4669
169,0,1,1,1,1,0,1,1,0,0,0,1,1,1,0,1,0,4898
170,0,1,1,1,1,0,0,1,0,0,0,1,1,1,0,1,1,4907
171,0,1,1,1,1,0,1,1,0,0,0,1,1,1,0,1,1,5044
172,0,1,1,1,1,0,0,1,0,1,0,1,1,1,0,1,0,4698
173,0,1,1,1,1,0,1,1,0,1,0,1,1,1,0,1,0,4943
174,0,1,1,1,1,0,0,1,0,1,0,1,1,1,0,1,1,4913
175,0,1,1,1,1,0,1,1,0,1,0,1,1,1,0,1,1,5090
176,0,1,1,1,1,0,0,1,0,1,1,1,1,1,0,1,0,4792
177,0,1,1,1,1,0,0,1,0,1,1,1,1,1,0,1,1,4880
178,0,1,1,1,1,0,1,1,0,1,1,1,1,1,0,1,0,4953
179,0,1,1,1,1,0,1,1,0,1,1,1,1,1,0,1,1,5062
