,Solver,SeqSOR,CGSolver,BiCGSTABSolver,LoopSolver,SeqGS,GradientSolver,Precon,cells,post,pre,performance
0,1,1,0,0,0,0,1,1,50,5,2,7319.558571
1,1,0,0,0,1,1,0,1,50,0,1,13218.68929
2,1,1,0,0,1,0,0,1,51,4,0,7655.855357
3,1,0,0,0,1,1,0,1,52,1,2,11976.66429
4,1,0,0,0,1,1,0,1,53,6,2,9882.7925
5,1,0,0,0,0,1,1,1,51,2,2,9154.703929
6,1,0,0,1,0,1,0,1,53,2,1,10050.6425
7,1,0,0,0,0,1,1,1,51,0,1,11569.48929
8,1,0,0,0,1,1,0,1,51,5,3,9130.739643
9,1,0,0,0,1,1,0,1,55,3,2,10580.72143
10,1,1,0,1,0,0,0,1,50,1,3,9600.6725
11,1,1,1,0,0,0,0,1,50,5,4,7374.263214
12,1,1,0,1,0,0,0,1,50,1,2,9632.083929
13,1,0,1,0,0,1,0,1,52,1,4,12330.35357
14,1,0,0,1,0,1,0,1,53,2,0,10082.86357
15,1,1,0,1,0,0,0,1,53,5,3,10800.98929
16,1,0,0,0,0,1,1,1,50,6,0,6634.9125
17,1,0,1,0,0,1,0,1,50,1,4,8753.800714
18,1,0,0,0,0,1,1,1,53,6,4,7731.515357
19,1,1,0,1,0,0,0,1,54,5,1,11265.48571
20,1,0,0,1,0,1,0,1,53,4,3,9883.890357
21,1,0,0,1,0,1,0,1,50,5,4,6610.518929
22,1,0,0,0,0,1,1,1,52,6,0,7435.688929
23,1,0,0,0,0,1,1,1,53,3,3,10056.92643
24,1,1,0,1,0,0,0,1,54,1,1,14143.63929
25,1,1,0,0,1,0,0,1,55,5,4,11726.95357
26,1,0,0,0,1,1,0,1,52,0,1,16783.88571
27,1,0,1,0,0,1,0,1,50,3,1,8795.108214
28,1,0,0,0,0,1,1,1,54,5,5,7640.625357
29,1,0,0,0,0,1,1,1,55,6,1,7958.74
30,1,1,0,0,1,0,0,1,53,4,0,10802.36429
31,1,0,0,0,1,1,0,1,51,2,1,6867.651429
32,1,0,0,1,0,1,0,1,50,3,2,8872.176071
33,1,0,0,1,0,1,0,1,52,2,1,9805.199643
34,1,1,1,0,0,0,0,1,52,4,5,10486.15714
35,1,0,0,0,1,1,0,1,51,5,6,6837.886071
36,1,0,0,1,0,1,0,1,53,1,0,22299.70357
37,1,1,1,0,0,0,0,1,55,1,5,14562.46786
38,1,0,0,0,0,1,1,1,54,6,3,7818.407143
39,1,0,0,0,1,1,0,1,54,3,1,10409.45357
40,1,1,0,0,1,0,0,1,55,4,2,11676.98214
41,1,1,0,0,0,0,1,1,54,5,1,11257.61429
42,1,1,0,0,1,0,0,1,55,0,1,23177.10714
43,1,0,1,0,0,1,0,1,52,2,0,12169.2
44,1,1,0,0,0,0,1,1,50,2,0,9772.779286
45,1,1,0,1,0,0,0,1,53,2,0,10826.93214
46,1,1,1,0,0,0,0,1,50,1,0,24028.20357
47,1,0,0,0,0,1,1,1,51,5,5,6927.428929
48,1,1,0,1,0,0,0,1,55,2,1,11633.65357
49,1,0,1,0,0,1,0,1,53,5,4,9905.072143
50,1,1,1,0,0,0,0,1,53,3,3,10826.49643
51,1,1,0,1,0,0,0,1,55,0,5,14520.97143
52,1,1,0,1,0,0,0,1,52,2,5,10590.05
53,1,0,1,0,0,1,0,1,50,2,1,8919.204643
54,1,1,0,1,0,0,0,1,55,0,3,17558.58571
55,1,1,0,0,1,0,0,1,51,1,0,14992.37857
56,1,0,0,0,0,1,1,1,55,3,3,10639.21071
57,1,1,1,0,0,0,0,1,50,5,5,7214.219286
58,1,0,1,0,0,1,0,1,52,6,2,7308.233214
59,1,1,0,1,0,0,0,1,51,5,0,10108.16107
60,1,0,0,0,1,1,0,1,52,6,4,7429.706071
61,1,0,0,0,1,1,0,1,54,6,3,10194.51429
62,1,0,1,0,0,1,0,1,50,6,6,6831.62
63,1,0,0,0,0,1,1,1,52,3,3,9742.049286
64,1,0,0,0,0,1,1,1,54,4,3,10614.73214
65,1,0,1,0,0,1,0,1,54,1,0,30644.57143
66,1,1,1,0,0,0,0,1,54,2,4,11187.91786
67,1,1,0,1,0,0,0,1,51,2,1,10018.90821
68,1,0,0,0,0,1,1,1,50,1,1,11102.32143
69,1,1,0,0,0,0,1,1,51,3,5,7626.633214
70,1,0,0,0,1,1,0,1,52,4,6,9796.393214
71,1,1,0,0,0,0,1,1,52,5,3,7818.220357
72,1,1,0,0,0,0,1,1,51,5,2,7605.792143
73,1,0,0,0,1,1,0,1,52,5,4,7286.390357
74,1,0,0,1,0,1,0,1,53,0,5,14824.09643
75,1,0,0,0,0,1,1,1,55,5,0,10566.86071
76,1,1,0,1,0,0,0,1,55,5,0,11634.09286
77,1,0,0,1,0,1,0,1,55,4,1,10625.59286
78,1,1,0,0,1,0,0,1,55,5,0,11631.50357
79,1,0,0,1,0,1,0,1,54,0,4,15478.73929
80,1,0,1,0,0,1,0,1,55,0,2,18612.925
81,1,1,0,0,0,0,1,1,52,3,4,10482.29643
82,1,0,1,0,0,1,0,1,52,6,5,7479.9975
83,1,1,0,0,0,0,1,1,52,6,2,7893.027857
84,1,0,1,0,0,1,0,1,55,3,6,10633.11429
85,1,1,1,0,0,0,0,1,50,1,4,12111.32143
86,1,0,0,1,0,1,0,1,52,2,0,9602.479286
87,1,0,1,0,0,1,0,1,51,2,0,11420.83571
88,1,0,0,0,0,1,1,1,51,1,5,9100.629286
89,1,0,0,0,0,1,1,1,52,1,5,9757.888571
90,1,0,0,1,0,1,0,1,53,4,4,10003.84143
91,1,0,0,0,1,1,0,1,51,4,0,6884.062143
92,1,0,0,0,1,1,0,1,50,0,5,6713.296071
93,1,1,0,0,1,0,0,1,50,0,4,7303.246429
94,1,1,0,0,0,0,1,1,54,1,6,11234.46071
95,1,0,0,1,0,1,0,1,52,6,1,7274.241786
96,1,0,0,0,0,1,1,1,54,3,6,7669.565714
97,1,1,0,0,0,0,1,1,53,6,4,8222.682857
98,1,1,1,0,0,0,0,1,50,4,3,9677.890357
99,1,0,1,0,0,1,0,1,54,2,3,10333.8
100,1,1,0,0,1,0,0,1,51,2,5,7644.741071
101,1,1,1,0,0,0,0,1,53,1,3,13598.42857
102,1,0,1,0,0,1,0,1,53,3,0,10214.85071
103,1,0,1,0,0,1,0,1,54,3,2,10300.5
104,1,1,0,1,0,0,0,1,53,6,5,10829.10714
105,1,0,0,0,0,1,1,1,50,4,5,6669.8675
106,1,1,0,0,0,0,1,1,55,4,0,11601.69286
107,1,1,0,1,0,0,0,1,50,4,0,9826.567143
108,1,1,1,0,0,0,0,1,53,3,4,10966.38571
109,1,0,0,0,1,1,0,1,53,1,0,12337.825
110,1,0,0,0,0,1,1,1,51,0,5,11482.78214
111,1,1,1,0,0,0,0,1,51,1,4,12523.3
112,1,0,0,0,1,1,0,1,52,3,1,7312.147857
113,1,0,0,0,1,1,0,1,55,2,1,10562.51071
114,1,0,1,0,0,1,0,1,50,4,5,8791.951071
115,1,0,0,0,1,1,0,1,51,0,5,9219.008214
116,1,1,0,0,0,0,1,1,54,2,3,11202.44643
117,1,1,0,1,0,0,0,1,54,1,6,11309.20714
118,1,0,1,0,0,1,0,1,54,0,4,15293.22143
119,1,1,0,1,0,0,0,1,52,2,3,10485.41786
120,1,1,0,0,1,0,0,1,50,4,1,7210.241071
121,1,1,1,0,0,0,0,1,54,2,5,11262.85
122,1,1,0,1,0,0,0,1,54,0,2,16810.97143
123,1,0,0,1,0,1,0,1,52,2,3,9541.009286
124,1,0,1,0,0,1,0,1,51,3,0,9131.808929
125,1,1,0,0,0,0,1,1,54,1,0,22407.63214
126,1,0,0,1,0,1,0,1,50,2,6,8846.367143
127,1,0,0,0,1,1,0,1,55,5,5,10549.21429
128,1,0,0,0,0,1,1,1,51,4,0,9123.343214
129,1,1,0,0,0,0,1,1,51,6,4,7625.390357
130,1,0,0,0,1,1,0,1,53,3,4,9841.753929
131,1,1,0,0,0,0,1,1,51,1,5,10032.17893
132,1,0,0,1,0,1,0,1,52,1,0,19297.95357
133,1,0,0,0,1,1,0,1,52,2,0,9646.160357
134,1,0,0,1,0,1,0,1,55,1,6,10685.25357
135,1,0,1,0,0,1,0,1,52,2,4,9888.018571
136,1,0,0,0,1,1,0,1,51,4,6,6893.9875
137,1,0,0,0,1,1,0,1,53,0,4,12314.21071
138,1,0,1,0,0,1,0,1,55,4,5,10611.68929
139,1,1,1,0,0,0,0,1,52,3,3,10519.59643
140,1,1,1,0,0,0,0,1,50,6,3,7206.391429
141,1,1,0,1,0,0,0,1,50,2,6,9650.707857
142,1,1,0,0,0,0,1,1,50,6,3,7261.772143
143,1,0,0,0,0,1,1,1,51,6,0,6950.106071
144,1,1,1,0,0,0,0,1,54,4,5,11211.18571
145,1,0,1,0,0,1,0,1,50,4,0,8752.993214
146,1,1,0,1,0,0,0,1,53,6,0,10882.92857
147,1,1,0,1,0,0,0,1,53,0,6,13489.06786
148,1,1,0,0,1,0,0,1,52,5,0,7943.976786
149,1,0,0,0,1,1,0,1,55,1,5,10708.68214
150,1,1,1,0,0,0,0,1,54,1,6,14082.46071
151,1,1,0,0,0,0,1,1,54,5,2,11269.84286
152,1,1,0,0,1,0,0,1,51,1,6,7668.067143
153,1,1,1,0,0,0,0,1,54,4,0,11294.98214
154,1,1,0,1,0,0,0,1,50,2,3,9661.805
155,1,1,0,0,0,0,1,1,54,3,0,11219.30357
156,1,0,0,1,0,1,0,1,50,1,1,11001.09643
157,1,1,0,0,0,0,1,1,51,1,0,19957.06786
158,1,0,0,0,0,1,1,1,52,6,6,7407.595
159,1,0,0,0,1,1,0,1,53,1,3,10010.39107
160,1,1,1,0,0,0,0,1,51,4,5,10042.55607
161,1,1,0,1,0,0,0,1,52,5,5,10494.31429
162,1,0,0,1,0,1,0,1,54,5,1,10385.99643
163,1,1,0,0,0,0,1,1,54,4,0,11245.51429
164,1,0,1,0,0,1,0,1,54,4,4,10212.68929
165,1,0,0,0,0,1,1,1,50,2,5,8774.999286
166,1,0,0,0,1,1,0,1,52,4,1,7265.192143
167,1,1,0,1,0,0,0,1,53,1,2,10844.34286
168,1,0,0,0,0,1,1,1,52,0,6,9797.4275
169,1,0,0,0,1,1,0,1,52,4,0,7270.348929
170,1,0,0,0,1,1,0,1,52,3,4,9725.628929
171,1,0,1,0,0,1,0,1,53,4,3,10207.74107
172,1,0,0,0,1,1,0,1,50,2,1,4422.172143
173,1,1,0,0,1,0,0,1,55,2,4,11742.775
174,1,1,0,0,0,0,1,1,52,4,0,10478.16071
175,1,1,0,0,0,0,1,1,54,6,3,8476.712143
176,1,0,0,1,0,1,0,1,54,1,5,10406.02857
177,1,0,1,0,0,1,0,1,55,3,0,10613.82857
178,1,0,0,0,1,1,0,1,52,4,5,7234.396071
179,1,1,0,1,0,0,0,1,50,0,5,12077.69286
180,1,1,0,1,0,0,0,1,50,4,1,9633.616071
181,1,1,0,0,1,0,0,1,50,0,2,9782.721071
182,1,1,1,0,0,0,0,1,53,6,2,10785.64286
183,1,0,0,0,0,1,1,1,53,4,6,7564.956429
184,1,1,0,1,0,0,0,1,54,6,1,11243.675
185,1,0,0,0,1,1,0,1,54,5,4,10239.61429
186,1,0,0,0,1,1,0,1,51,0,4,9564.535
187,1,1,0,1,0,0,0,1,51,6,0,9997.685
188,1,1,0,0,1,0,0,1,55,1,2,14508.825
189,1,1,0,1,0,0,0,1,53,2,5,10824.60714
190,1,1,0,0,1,0,0,1,51,1,3,10107.5275
191,1,1,0,0,1,0,0,1,55,5,3,11635.97143
192,1,0,1,0,0,1,0,1,54,4,6,10369.07143
193,1,1,1,0,0,0,0,1,55,3,0,11645.69286
194,1,1,0,0,0,0,1,1,52,1,3,10674.83571
195,1,0,1,0,0,1,0,1,54,1,5,12881.475
196,1,0,1,0,0,1,0,1,50,6,1,6647.824643
197,1,0,1,0,0,1,0,1,54,1,3,12802.13214
198,1,1,1,0,0,0,0,1,55,1,2,14543.02857
199,1,1,0,0,0,0,1,1,53,5,5,8250.779643
200,1,0,0,0,0,1,1,1,52,1,0,19209.41786
201,1,0,0,0,1,1,0,1,55,4,2,10591.30714
202,1,0,1,0,0,1,0,1,55,5,0,10588.75357
203,1,0,1,0,0,1,0,1,51,1,6,9188.268929
204,1,1,0,1,0,0,0,1,53,1,5,10849.94286
205,1,0,0,0,0,1,1,1,51,5,0,9104.08
206,1,0,1,0,0,1,0,1,52,5,5,7328.257857
207,1,0,0,1,0,1,0,1,55,5,2,10725.03571
208,1,1,0,0,0,0,1,1,55,6,0,11638.63571
209,1,0,0,1,0,1,0,1,52,4,2,9765.267143
210,1,0,0,0,1,1,0,1,51,6,3,9166.829286
211,1,0,0,0,0,1,1,1,54,6,2,7771.373571
212,1,1,0,1,0,0,0,1,54,3,6,11298.66071
213,1,1,1,0,0,0,0,1,50,4,5,9639.533929
214,1,0,0,0,0,1,1,1,52,0,2,12435.09286
215,1,0,0,0,1,1,0,1,50,1,2,8892.2525
216,1,0,1,0,0,1,0,1,52,6,6,7203.802143
217,1,0,0,0,0,1,1,1,50,0,1,11118.81786
218,1,1,0,1,0,0,0,1,53,4,3,10837.4
219,1,0,0,0,0,1,1,1,50,6,6,6690.715357
220,1,0,0,1,0,1,0,1,52,1,6,9528.759643
221,1,0,0,0,1,1,0,1,55,1,6,10563.27857
222,1,1,1,0,0,0,0,1,50,5,6,7289.836786
223,1,0,0,1,0,1,0,1,53,3,4,9903.713929
224,1,0,0,0,1,1,0,1,53,2,4,9963.192857
225,1,1,0,0,0,0,1,1,53,0,4,13656.06786
226,1,1,1,0,0,0,0,1,52,3,1,10548.29286
227,1,0,0,0,0,1,1,1,51,0,2,11409.23571
228,1,0,0,0,0,1,1,1,51,6,1,6866.978929
229,1,1,1,0,0,0,0,1,52,1,1,13142.10714
230,1,1,0,1,0,0,0,1,55,5,3,11626.80357
231,1,1,0,0,1,0,0,1,53,0,3,13480.65357
232,1,1,0,1,0,0,0,1,51,3,6,9986.335714
233,1,1,0,0,1,0,0,1,53,0,6,13583.10357
234,1,1,0,1,0,0,0,1,55,1,3,11651.16071
235,1,1,1,0,0,0,0,1,53,6,3,10913.05
236,1,1,0,0,0,0,1,1,53,4,3,8241.100714
237,1,1,0,0,1,0,0,1,50,2,2,7246.228571
238,1,0,0,0,0,1,1,1,51,3,4,6850.206071
239,1,0,1,0,0,1,0,1,50,4,6,9031.662143
240,1,1,0,0,0,0,1,1,54,5,0,11291.71429
241,1,0,1,0,0,1,0,1,50,6,5,6760.679286
242,1,0,0,0,1,1,0,1,51,1,5,7023.923929
243,1,0,0,0,1,1,0,1,54,3,5,10259.325
244,1,0,0,0,0,1,1,1,55,5,3,7943.472857
245,1,0,1,0,0,1,0,1,55,6,0,10604.28214
246,1,0,0,1,0,1,0,1,53,3,3,9933.668214
247,1,1,0,0,1,0,0,1,51,4,1,10155.85036
248,1,0,1,0,0,1,0,1,54,4,5,10387.19286
249,1,0,0,0,0,1,1,1,52,4,2,9934.675
250,1,0,1,0,0,1,0,1,53,2,2,9895.980714
251,1,1,0,1,0,0,0,1,54,4,4,11267.73214
252,1,1,0,0,1,0,0,1,51,6,3,9968.723571
253,1,0,0,0,0,1,1,1,52,2,3,9799.108214
254,1,0,1,0,0,1,0,1,55,2,5,10535.84286
255,1,0,1,0,0,1,0,1,52,6,3,7284.31
256,1,1,0,0,1,0,0,1,53,6,0,10804.92857
257,1,1,1,0,0,0,0,1,53,0,5,16139.24286
258,1,1,0,1,0,0,0,1,53,4,6,10816.32857
259,1,1,0,0,1,0,0,1,52,5,2,10607.56071
260,1,1,0,1,0,0,0,1,55,2,6,11635.62857
261,1,1,0,0,1,0,0,1,53,1,6,10809.75714
262,1,1,0,0,1,0,0,1,54,4,1,11255.06786
263,1,0,0,1,0,1,0,1,50,0,4,11059.23571
264,1,0,0,0,1,1,0,1,55,1,3,13195.41429
265,1,1,1,0,0,0,0,1,55,1,1,14887.46071
266,1,1,0,0,0,0,1,1,50,3,1,9645.074286
267,1,0,0,1,0,1,0,1,50,1,0,13537.71071
268,1,1,0,0,1,0,0,1,50,3,5,9638.307857
269,1,1,0,0,1,0,0,1,52,2,6,10516.39286
270,1,0,0,1,0,1,0,1,53,4,6,9957.4675
271,1,0,0,0,0,1,1,1,53,1,3,10339.8925
272,1,1,0,1,0,0,0,1,52,4,2,10408.40357
273,1,0,1,0,0,1,0,1,51,4,0,9169.559286
274,1,0,0,0,1,1,0,1,53,4,4,9857.061429
275,1,1,0,1,0,0,0,1,51,1,6,9990.495
276,1,0,0,1,0,1,0,1,52,6,4,7264.461786
277,1,1,0,1,0,0,0,1,51,1,3,10055.06071
278,1,1,0,1,0,0,0,1,52,5,6,7813.935714
279,1,1,0,0,1,0,0,1,54,3,3,11320.87143
280,1,1,0,0,1,0,0,1,52,1,2,13067.02143
281,1,1,0,0,0,0,1,1,51,1,2,10059.7175
282,1,1,1,0,0,0,0,1,53,5,1,10805.81429
283,1,1,0,1,0,0,0,1,53,0,1,24285.67857
284,1,0,1,0,0,1,0,1,55,1,4,13243.40714
285,1,0,1,0,0,1,0,1,51,4,2,9158.330714
286,1,1,0,1,0,0,0,1,50,5,6,7258.036429
287,1,1,0,0,1,0,0,1,51,5,0,7539.127857
288,1,1,1,0,0,0,0,1,55,2,0,14550.16071
289,1,1,0,0,0,0,1,1,54,5,4,8441.657143
290,1,0,0,0,0,1,1,1,50,5,6,6773.457857
291,1,1,0,0,0,0,1,1,50,1,1,12123.77143
292,1,1,0,0,0,0,1,1,52,6,5,7851.342857
293,1,0,1,0,0,1,0,1,53,1,1,12579.12143
294,1,0,0,0,0,1,1,1,55,3,2,10595.84286
295,1,1,1,0,0,0,0,1,53,2,3,10881.84643
296,1,1,0,1,0,0,0,1,53,4,5,10809.28214
297,1,1,1,0,0,0,0,1,51,0,6,15188.375
298,1,0,1,0,0,1,0,1,51,5,1,9112.8925
299,1,0,0,0,0,1,1,1,52,1,3,9729.7375
300,1,0,0,0,1,1,0,1,51,6,5,6868.43
301,1,0,0,1,0,1,0,1,50,0,6,11050.18571
302,1,0,0,0,0,1,1,1,51,4,5,6861.115
303,1,0,0,0,1,1,0,1,51,2,0,9248.386786
304,1,0,0,1,0,1,0,1,50,2,1,8793.119286
305,1,1,0,1,0,0,0,1,50,5,5,7237.580714
306,1,1,1,0,0,0,0,1,53,6,0,10842.30357
307,1,0,0,1,0,1,0,1,55,6,2,10679.99643
308,1,0,0,0,0,1,1,1,51,1,3,9118.509286
309,1,0,0,0,1,1,0,1,51,1,1,9078.679643
310,1,1,1,0,0,0,0,1,53,3,5,10840.21071
311,1,0,0,0,0,1,1,1,50,2,1,8840.397143
312,1,1,1,0,0,0,0,1,53,1,0,27226.22857
313,1,0,0,1,0,1,0,1,51,6,2,7029.800714
314,1,0,0,0,0,1,1,1,55,6,6,8003.484643
315,1,0,0,0,1,1,0,1,51,6,0,6890.207857
316,1,0,0,0,0,1,1,1,54,6,5,7675.251429
317,1,0,1,0,0,1,0,1,52,4,0,9623.4025
318,1,0,0,0,0,1,1,1,51,6,6,6961.493214
319,1,1,1,0,0,0,0,1,53,5,5,10863.05357
320,1,0,0,0,1,1,0,1,55,3,0,10584.43214
321,1,1,0,0,1,0,0,1,51,4,4,7551.1625
322,1,0,0,1,0,1,0,1,54,6,4,10358.72857
323,1,1,1,0,0,0,0,1,54,0,6,16868.75
324,1,1,1,0,0,0,0,1,53,6,1,10848.5
325,1,1,0,0,1,0,0,1,53,4,6,10863.99286
326,1,0,0,1,0,1,0,1,55,1,3,10632.48929
327,1,0,0,1,0,1,0,1,52,6,2,7140.008214
328,1,0,0,0,0,1,1,1,53,6,5,7538.664286
329,1,0,0,0,1,1,0,1,53,6,5,9875.156071
330,1,0,0,0,0,1,1,1,51,1,1,11514.78571
331,1,0,0,1,0,1,0,1,52,4,0,9626.654286
332,1,0,0,0,1,1,0,1,53,5,6,9863.005357
333,1,0,1,0,0,1,0,1,53,1,4,12724.93571
334,1,0,0,0,0,1,1,1,54,0,3,12887.3
335,1,1,1,0,0,0,0,1,50,1,1,12174.13214
336,1,1,0,1,0,0,0,1,53,5,1,10802.00357
337,1,0,0,1,0,1,0,1,51,3,4,9269.616429
338,1,0,1,0,0,1,0,1,50,1,1,10996.84286
339,1,0,0,0,0,1,1,1,51,3,6,6819.452143
340,1,0,0,0,0,1,1,1,55,1,5,10623.80714
341,1,1,0,0,0,0,1,1,54,5,6,8478.072857
342,1,0,1,0,0,1,0,1,53,2,6,10082.10464
343,1,1,0,0,1,0,0,1,53,1,3,13501.47857
344,1,0,0,1,0,1,0,1,50,3,3,8996.183571
345,1,1,0,0,1,0,0,1,51,5,6,10097.345
346,1,1,1,0,0,0,0,1,51,2,5,9969.915357
347,1,1,0,0,0,0,1,1,51,6,1,7519.952143
348,1,0,0,0,1,1,0,1,50,6,1,6656.536429
349,1,0,1,0,0,1,0,1,52,1,3,11967.70714
350,1,1,0,0,0,0,1,1,54,2,4,11281.06786
351,1,1,0,1,0,0,0,1,55,4,2,11804.78214
352,1,1,0,0,1,0,0,1,50,3,2,7452.555
353,1,0,1,0,0,1,0,1,50,5,6,6575.885714
354,1,1,1,0,0,0,0,1,53,4,4,10878.08214
355,1,0,1,0,0,1,0,1,55,4,1,10579.52857
356,1,1,0,0,1,0,0,1,52,3,0,8712.978929
357,1,1,0,0,0,0,1,1,55,6,2,8836.487857
358,1,1,1,0,0,0,0,1,52,6,1,7833.243214
359,1,1,1,0,0,0,0,1,54,3,3,11444.55
360,1,0,0,0,1,1,0,1,55,4,3,10546.84643
361,1,1,0,1,0,0,0,1,53,6,6,10798.11071
362,1,0,0,1,0,1,0,1,53,3,5,9961.51
363,1,0,0,0,1,1,0,1,54,4,6,10259.8
364,1,0,0,1,0,1,0,1,53,6,4,9940.320357
365,1,0,0,1,0,1,0,1,53,5,6,9932.900714
366,1,1,0,0,0,0,1,1,54,5,3,8412.302857
367,1,1,0,0,1,0,0,1,55,4,4,11607.05357
368,1,1,0,0,0,0,1,1,55,5,0,11601.75714
369,1,1,0,0,0,0,1,1,53,1,4,10776.57857
370,1,1,1,0,0,0,0,1,55,2,4,11612.6
371,1,1,1,0,0,0,0,1,54,1,4,14046.17857
372,1,1,0,0,0,0,1,1,51,4,2,10070.67857
373,1,0,1,0,0,1,0,1,50,3,4,8934.921071
374,1,1,0,0,0,0,1,1,52,3,6,7852.420714
375,1,0,0,1,0,1,0,1,50,0,3,11076.65357
376,1,0,1,0,0,1,0,1,50,2,3,8782.966071
377,1,0,0,0,1,1,0,1,55,3,4,10568.86071
378,1,1,0,0,1,0,0,1,52,5,1,7931.466429
379,1,1,0,1,0,0,0,1,52,6,5,7824.954643
380,1,0,0,1,0,1,0,1,54,6,6,7800.356429
381,1,0,1,0,0,1,0,1,53,3,4,10018.72071
382,1,0,0,0,1,1,0,1,55,2,5,10644.10714
383,1,0,0,0,1,1,0,1,55,1,4,13235.12143
384,1,0,0,1,0,1,0,1,54,3,0,10420.02857
385,1,1,0,1,0,0,0,1,53,3,4,10787.53929
386,1,0,0,0,1,1,0,1,54,4,4,10204.11429
387,1,0,0,0,0,1,1,1,55,6,5,7918.338214
388,1,0,0,0,0,1,1,1,54,0,4,12952.23929
389,1,0,0,1,0,1,0,1,55,2,0,10636.58571
390,1,0,1,0,0,1,0,1,50,3,2,8908.751786
391,1,1,1,0,0,0,0,1,52,6,6,7873.813929
392,1,0,0,1,0,1,0,1,50,3,6,8820.959286
393,1,0,1,0,0,1,0,1,54,0,1,48364.63571
394,1,1,0,0,0,0,1,1,52,6,0,7825.001429
395,1,0,0,1,0,1,0,1,54,2,3,10434.66786
396,1,0,0,0,0,1,1,1,50,1,6,8905.152857
397,1,1,0,0,0,0,1,1,52,1,6,10448.025
398,1,1,0,0,1,0,0,1,53,4,4,10889.55357
399,1,0,0,1,0,1,0,1,55,2,6,10703.05
400,1,0,0,0,0,1,1,1,54,4,2,10246.86071
401,1,1,0,1,0,0,0,1,51,4,1,10116.57393
402,1,1,0,1,0,0,0,1,52,3,5,10491.475
403,1,1,0,0,1,0,0,1,50,4,0,7325.935
404,1,0,1,0,0,1,0,1,53,1,6,12628.97143
405,1,1,0,1,0,0,0,1,53,6,2,10945.21071
406,1,0,0,0,1,1,0,1,54,4,3,10312.175
407,1,1,0,1,0,0,0,1,53,5,2,10793.62143
408,1,1,0,1,0,0,0,1,52,6,4,7884.848571
409,1,0,1,0,0,1,0,1,53,1,2,12505.85714
410,1,1,0,0,0,0,1,1,54,3,3,11178.75
411,1,0,0,0,1,1,0,1,50,5,3,8855.005714
412,1,0,0,0,0,1,1,1,52,3,5,7495.6925
413,1,1,1,0,0,0,0,1,55,6,6,11671.775
414,1,1,0,0,1,0,0,1,50,1,6,7241.799286
415,1,1,0,0,0,0,1,1,50,3,6,7368.388571
416,1,1,0,1,0,0,0,1,53,5,0,10808.01786
417,1,1,0,0,1,0,0,1,50,2,4,9615.6225
418,1,0,0,1,0,1,0,1,51,0,6,11520.95357
419,1,1,1,0,0,0,0,1,50,6,6,7332.303571
420,1,0,0,0,1,1,0,1,50,1,5,8825.814286
421,1,1,0,0,0,0,1,1,51,3,1,10000.75393
422,1,1,0,0,1,0,0,1,50,5,4,9618.492857
423,1,1,1,0,0,0,0,1,51,3,2,9968.660714
424,1,1,0,1,0,0,0,1,55,0,6,14640.82143
425,1,0,1,0,0,1,0,1,51,1,5,9092.014286
426,1,0,0,1,0,1,0,1,52,4,5,9702.8275
427,1,1,0,0,0,0,1,1,54,3,2,11330.1
428,1,0,1,0,0,1,0,1,51,0,2,15935.77857
429,1,1,0,1,0,0,0,1,55,2,0,14723.12857
430,1,1,0,0,0,0,1,1,54,3,5,11220.52143
431,1,0,1,0,0,1,0,1,51,5,0,9079.328214
432,1,1,1,0,0,0,0,1,55,0,4,17379.44286
433,1,0,1,0,0,1,0,1,55,5,4,10702.64286
434,1,1,0,0,0,0,1,1,52,0,6,13103.49643
435,1,0,0,0,0,1,1,1,51,5,2,6913.948929
436,1,0,0,1,0,1,0,1,50,6,2,6652.707143
437,1,0,1,0,0,1,0,1,53,4,4,10279.78964
438,1,0,1,0,0,1,0,1,54,6,5,10719.77143
439,1,0,0,1,0,1,0,1,53,4,5,9884.145
440,1,0,0,0,1,1,0,1,55,1,0,15933.13214
441,1,1,1,0,0,0,0,1,50,0,4,14411.41786
442,1,1,1,0,0,0,0,1,53,0,4,16231.98214
443,1,1,0,0,0,0,1,1,51,4,1,9972.018571
444,1,1,0,0,0,0,1,1,54,6,1,8441.936429
445,1,1,0,0,1,0,0,1,53,2,0,11090.35714
446,1,1,1,0,0,0,0,1,55,5,3,11588.91429
447,1,1,0,1,0,0,0,1,54,4,2,11201.67143
448,1,0,0,0,0,1,1,1,50,4,0,8784.214286
449,1,0,0,0,1,1,0,1,51,2,6,6875.359286
450,1,0,0,0,1,1,0,1,53,3,6,9951.681786
451,1,1,0,1,0,0,0,1,53,1,6,10850.48214
452,1,0,0,0,0,1,1,1,54,6,4,7785.062143
453,1,0,1,0,0,1,0,1,50,2,4,8980.808571
454,1,0,0,0,0,1,1,1,53,1,5,10247.90214
455,1,1,0,1,0,0,0,1,50,4,5,7397.181786
456,1,0,0,1,0,1,0,1,53,6,6,7439.380714
457,1,1,1,0,0,0,0,1,51,4,2,10008.47536
458,1,1,1,0,0,0,0,1,54,0,1,44749.76786
459,1,0,0,0,0,1,1,1,53,0,1,12554.98929
460,1,0,0,0,0,1,1,1,53,1,1,12471.20357
461,1,0,0,0,1,1,0,1,54,0,4,12760.17143
462,1,0,0,0,0,1,1,1,51,2,4,9158.7875
463,1,1,1,0,0,0,0,1,52,2,3,10573.43929
464,1,1,0,0,0,0,1,1,51,3,6,7480.575357
465,1,1,0,1,0,0,0,1,53,2,4,10804.34643
466,1,0,0,0,1,1,0,1,51,1,0,11391.13571
467,1,1,0,0,1,0,0,1,50,6,4,9709.593214
468,1,0,0,0,0,1,1,1,50,1,2,8756.160714
469,1,1,0,0,0,0,1,1,55,6,4,8695.538214
470,1,1,0,0,1,0,0,1,55,1,4,14527.62143
471,1,1,0,0,1,0,0,1,55,2,0,14593.52143
472,1,0,1,0,0,1,0,1,53,6,4,9912.538929
473,1,0,0,1,0,1,0,1,52,5,3,7311.658929
474,1,0,0,0,1,1,0,1,53,5,5,9878.416429
475,1,1,0,1,0,0,0,1,50,1,6,9751.686071
476,1,0,1,0,0,1,0,1,52,2,6,9997.789643
477,1,0,1,0,0,1,0,1,51,1,2,11399.9
478,1,1,1,0,0,0,0,1,52,0,5,15615.94643
479,1,0,1,0,0,1,0,1,51,6,4,6964.876786
480,1,1,1,0,0,0,0,1,53,2,0,13480.47857
481,1,1,0,1,0,0,0,1,51,3,2,10235.36929
482,1,0,1,0,0,1,0,1,53,2,3,9948.544286
483,1,1,0,0,1,0,0,1,53,5,0,10880.83929
484,1,0,0,0,1,1,0,1,50,3,4,8924.888929
485,1,1,0,0,0,0,1,1,52,1,1,13012.26429
486,1,1,0,0,0,0,1,1,52,4,4,7820.572143
487,1,1,0,0,0,0,1,1,55,1,1,14473.49286
488,1,1,1,0,0,0,0,1,50,6,5,7360.243214
489,1,1,0,0,0,0,1,1,51,3,4,10099.80286
490,1,0,0,1,0,1,0,1,52,1,2,9549.211786
491,1,1,0,0,1,0,0,1,53,3,2,10800.88214
492,1,0,0,1,0,1,0,1,50,5,3,6733.858214
493,1,0,0,1,0,1,0,1,52,1,4,9601.835
494,1,0,1,0,0,1,0,1,54,4,2,10231.86071
495,1,1,0,0,1,0,0,1,55,0,3,14606.89286
496,1,1,0,0,0,0,1,1,54,4,6,8432.337857
497,1,0,0,1,0,1,0,1,54,4,3,10295.66786
498,1,1,1,0,0,0,0,1,53,1,6,13720.23929
499,1,1,0,0,0,0,1,1,55,2,4,11662.54643
500,1,0,1,0,0,1,0,1,50,1,5,8925.218929
501,1,0,0,0,0,1,1,1,53,4,3,7856.523571
502,1,1,0,0,0,0,1,1,55,4,1,11635.82143
503,1,1,0,1,0,0,0,1,55,2,2,14536.87143
504,1,1,0,0,1,0,0,1,51,0,2,10067.975
505,1,0,1,0,0,1,0,1,54,5,5,10569.71429
506,1,0,0,0,1,1,0,1,54,1,2,12821.52143
507,1,1,0,0,1,0,0,1,53,6,3,10937.82857
508,1,0,0,0,1,1,0,1,52,2,2,9560.767143
509,1,0,0,1,0,1,0,1,50,3,0,8809.896786
510,1,0,0,0,1,1,0,1,50,4,4,8836.482143
511,1,0,1,0,0,1,0,1,51,3,5,9152.130714
512,1,1,1,0,0,0,0,1,50,5,2,7265.456071
513,1,1,0,0,0,0,1,1,55,0,5,14497.22857
514,1,1,0,0,0,0,1,1,53,1,5,10868.42143
515,1,0,0,0,0,1,1,1,50,3,5,6666.358214
516,1,1,1,0,0,0,0,1,55,5,6,11611.49643
517,1,1,0,1,0,0,0,1,51,2,6,10153.53036
518,1,0,0,0,1,1,0,1,50,2,0,8794.190357
519,1,1,0,0,0,0,1,1,51,0,1,18011.26071
520,1,1,0,0,1,0,0,1,50,5,1,7274.900357
521,1,0,1,0,0,1,0,1,52,5,4,7252.159286
522,1,1,0,0,1,0,0,1,53,3,1,10785.93571
523,1,1,0,0,0,0,1,1,53,2,2,10970.62143
524,1,1,0,0,0,0,1,1,51,6,2,7530.223571
525,1,0,0,1,0,1,0,1,52,2,4,9619.466786
526,1,0,0,0,0,1,1,1,53,1,2,10148.72464
527,1,0,0,0,0,1,1,1,52,3,6,7272.307143
528,1,1,0,0,1,0,0,1,51,5,3,10084.32464
529,1,0,1,0,0,1,0,1,50,5,3,6646.764643
530,1,1,1,0,0,0,0,1,50,4,4,9680.549286
531,1,1,1,0,0,0,0,1,55,4,3,11588.15357
532,1,1,1,0,0,0,0,1,52,2,5,10413.925
533,1,1,0,1,0,0,0,1,53,0,3,13509.73929
534,1,1,1,0,0,0,0,1,55,3,6,11746.55
535,1,0,0,0,1,1,0,1,55,2,3,10551.16786
536,1,1,0,1,0,0,0,1,55,4,6,11735.73571
537,1,1,0,0,1,0,0,1,53,3,0,11044.07143
538,1,1,1,0,0,0,0,1,50,2,4,9665.279643
539,1,1,1,0,0,0,0,1,51,5,0,10124.63464
540,1,0,0,1,0,1,0,1,53,5,0,9878.332857
541,1,0,1,0,0,1,0,1,54,6,3,10231.27143
542,1,1,0,0,0,0,1,1,51,2,1,10076.09679
543,1,0,0,1,0,1,0,1,52,2,6,9561.75
544,1,1,0,0,0,0,1,1,51,1,3,9957.022143
545,1,1,0,0,0,0,1,1,51,2,6,9970.569286
546,1,1,1,0,0,0,0,1,55,1,0,32063.72143
547,1,0,1,0,0,1,0,1,53,5,1,9876.677857
548,1,0,0,0,0,1,1,1,54,1,5,10188.05714
549,1,0,0,0,0,1,1,1,52,5,6,7278.923571
550,1,1,0,1,0,0,0,1,50,2,0,9609.776786
551,1,1,1,0,0,0,0,1,55,0,2,20277.92857
552,1,1,0,0,1,0,0,1,55,4,0,11708.31786
553,1,0,0,0,1,1,0,1,52,0,3,9791.786786
554,1,1,0,0,1,0,0,1,51,2,6,7571.543929
555,1,0,0,0,0,1,1,1,53,2,2,9887.424643
556,1,0,0,1,0,1,0,1,55,3,6,10680.06786
557,1,0,0,0,1,1,0,1,52,3,5,7238.027857
558,1,1,0,0,1,0,0,1,52,6,0,7865.539643
559,1,1,0,0,1,0,0,1,52,6,4,7894.886071
560,1,0,0,1,0,1,0,1,55,3,5,10765.19286
561,1,1,0,1,0,0,0,1,51,3,4,9982.263214
562,1,1,0,1,0,0,0,1,51,5,3,10049.31429
563,1,1,1,0,0,0,0,1,54,6,0,11342.64643
564,1,0,0,1,0,1,0,1,51,3,0,9229.539286
565,1,0,0,0,0,1,1,1,55,1,6,10618.17143
566,1,1,0,0,1,0,0,1,54,2,6,11214.1
567,1,0,1,0,0,1,0,1,50,6,0,6745.914643
568,1,1,0,0,0,0,1,1,51,3,2,10025.14607
569,1,1,0,1,0,0,0,1,53,5,5,10856.07143
570,1,0,0,0,0,1,1,1,55,2,6,10616.47143
571,1,0,0,0,0,1,1,1,53,0,5,12422.33571
572,1,0,0,1,0,1,0,1,53,4,0,9899.258214
573,1,0,0,0,0,1,1,1,54,2,2,10404.19643
574,1,1,0,0,1,0,0,1,54,1,2,14167.13214
575,1,1,0,0,0,0,1,1,51,2,5,10071.68679
576,1,1,0,1,0,0,0,1,50,6,1,7237.837143
577,1,1,1,0,0,0,0,1,54,3,2,11230.51071
578,1,1,0,0,1,0,0,1,51,1,4,10297.09286
579,1,0,0,0,1,1,0,1,51,5,0,6864.921071
580,1,1,0,0,0,0,1,1,55,1,2,14580.57857
581,1,1,0,1,0,0,0,1,51,0,6,15023.32857
582,1,1,1,0,0,0,0,1,52,4,6,10490.16786
583,1,1,0,0,1,0,0,1,53,1,0,16270.47143
584,1,0,0,1,0,1,0,1,55,0,1,21222.46786
585,1,1,0,0,1,0,0,1,53,5,4,10869.36786
586,1,0,0,0,1,1,0,1,53,0,6,12441.33929
587,1,0,0,1,0,1,0,1,53,2,4,9916.324286
588,1,1,0,0,1,0,0,1,50,6,5,9775.491071
589,1,1,0,1,0,0,0,1,54,5,3,8404.5075
590,1,1,0,0,1,0,0,1,54,2,1,11234.45714
591,1,1,0,0,0,0,1,1,51,6,3,7663.163214
592,1,0,0,0,1,1,0,1,52,5,6,9678.488214
593,1,1,1,0,0,0,0,1,51,4,6,7596.398214
594,1,0,0,0,0,1,1,1,50,1,4,8773.922143
595,1,0,0,1,0,1,0,1,51,2,2,9276.332143
596,1,0,0,1,0,1,0,1,53,3,6,9889.011786
597,1,1,0,0,0,0,1,1,54,3,6,8612.562143
598,1,0,0,0,1,1,0,1,53,2,3,9815.322857
599,1,0,0,0,1,1,0,1,53,4,3,9959.477143
600,1,1,0,0,0,0,1,1,51,5,0,10039.1225
601,1,1,0,0,0,0,1,1,52,3,3,10447.16071
602,1,0,1,0,0,1,0,1,55,3,3,10559.93571
603,1,1,0,0,1,0,0,1,53,4,3,10892.02143
604,1,0,0,0,0,1,1,1,53,2,3,10159.3925
605,1,1,0,0,1,0,0,1,54,3,5,11273.36071
606,1,0,1,0,0,1,0,1,53,4,5,9878.282143
607,1,0,0,0,0,1,1,1,54,3,3,10356.97143
608,1,0,0,0,0,1,1,1,54,2,0,10234.85357
609,1,1,1,0,0,0,0,1,53,0,2,18934
610,1,1,1,0,0,0,0,1,50,2,6,9625.029643
611,1,0,0,0,1,1,0,1,50,6,0,6620.012857
612,1,1,0,0,1,0,0,1,50,6,1,7290.916786
613,1,0,1,0,0,1,0,1,53,1,3,12569.41786
614,1,1,0,0,1,0,0,1,55,3,0,11639.05357
615,1,0,0,0,0,1,1,1,54,5,6,7846.395714
616,1,1,0,1,0,0,0,1,54,1,4,11381.58214
617,1,0,1,0,0,1,0,1,50,3,6,8955.96
618,1,1,0,1,0,0,0,1,52,2,2,10457.59286
619,1,0,0,0,1,1,0,1,52,0,5,9756.086786
620,1,0,0,0,0,1,1,1,53,4,4,7559.093929
621,1,1,0,0,1,0,0,1,54,3,1,11259.08929
622,1,1,1,0,0,0,0,1,54,6,4,11234.27143
623,1,1,1,0,0,0,0,1,51,6,0,7612.346071
624,1,0,1,0,0,1,0,1,50,6,4,6767.398929
625,1,0,0,0,0,1,1,1,55,3,4,10593.34286
626,1,0,0,0,0,1,1,1,52,6,1,7355.172143
627,1,0,0,0,1,1,0,1,53,6,0,9884.093929
628,1,1,0,1,0,0,0,1,53,4,4,10927.04643
629,1,1,0,0,1,0,0,1,52,6,5,8178.707857
630,1,0,1,0,0,1,0,1,53,2,5,10163.85536
631,1,1,1,0,0,0,0,1,53,4,0,10923.33571
632,1,0,0,0,1,1,0,1,51,6,6,6859.16
633,1,0,0,0,0,1,1,1,52,2,6,9900.191429
634,1,1,1,0,0,0,0,1,53,4,3,10804.22857
635,1,0,0,1,0,1,0,1,55,4,2,10671.00714
636,1,1,0,1,0,0,0,1,50,4,4,9735.156429
637,1,0,1,0,0,1,0,1,52,0,5,14485.66786
638,1,1,0,1,0,0,0,1,51,2,4,10013.37679
639,1,0,0,0,0,1,1,1,54,0,2,12841.15
640,1,1,0,0,1,0,0,1,52,5,3,7994.454643
641,1,0,1,0,0,1,0,1,52,4,5,9793.9225
642,1,0,0,1,0,1,0,1,51,0,2,11450.8
643,1,1,0,0,0,0,1,1,54,1,1,14082.24286
644,1,0,0,0,1,1,0,1,53,3,0,10070.10714
645,1,1,0,0,0,0,1,1,53,3,3,10860.82143
646,1,1,0,1,0,0,0,1,51,5,5,7751.439286
647,1,1,0,0,0,0,1,1,52,4,3,7856.186071
648,1,0,0,1,0,1,0,1,52,2,2,9551.050357
649,1,0,0,1,0,1,0,1,53,6,1,10032.35286
650,1,1,0,0,0,0,1,1,52,5,4,7926.870714
651,1,0,0,0,0,1,1,1,53,4,0,10060.5725
652,1,0,1,0,0,1,0,1,50,3,3,8853.5725
653,1,1,1,0,0,0,0,1,53,4,5,10781.81786
654,1,1,1,0,0,0,0,1,53,5,0,10834.125
655,1,1,0,1,0,0,0,1,53,5,6,10848.9
656,1,0,0,1,0,1,0,1,55,3,1,10599.525
657,1,0,0,0,0,1,1,1,51,2,1,9224.054286
658,1,0,0,0,0,1,1,1,55,3,5,10553.01429
659,1,1,1,0,0,0,0,1,51,5,2,10043.63464
660,1,1,0,0,0,0,1,1,50,1,0,19264.05
661,1,1,0,1,0,0,0,1,55,6,4,8738.042857
662,1,0,0,0,0,1,1,1,55,3,6,7923.71
663,1,0,0,0,0,1,1,1,52,5,2,7197.506071
664,1,0,0,0,1,1,0,1,50,6,3,8775.375
665,1,0,1,0,0,1,0,1,53,6,5,9862.310714
666,1,0,1,0,0,1,0,1,51,5,4,6826.821429
667,1,1,0,0,1,0,0,1,50,4,4,9656.111071
668,1,1,0,0,0,0,1,1,52,4,1,10517.06429
669,1,1,0,0,0,0,1,1,54,2,6,11328.23571
670,1,0,0,0,1,1,0,1,50,4,5,8859.462857
671,1,0,0,1,0,1,0,1,54,2,1,10301.11071
672,1,1,1,0,0,0,0,1,51,0,2,17514.37143
673,1,1,1,0,0,0,0,1,52,6,0,10481.18929
674,1,0,0,1,0,1,0,1,52,4,6,9612.191786
675,1,0,0,0,1,1,0,1,52,6,6,9602.042143
676,1,1,0,1,0,0,0,1,51,3,1,10031.13107
677,1,0,0,0,0,1,1,1,50,3,6,6571.3275
678,1,0,1,0,0,1,0,1,52,2,1,9583.359643
679,1,0,0,0,1,1,0,1,50,6,5,8793.626429
680,1,1,0,0,0,0,1,1,55,3,4,11601.85
681,1,0,0,0,0,1,1,1,51,0,4,11456.98571
682,1,0,0,1,0,1,0,1,50,6,4,6754.821786
683,1,0,1,0,0,1,0,1,50,3,0,8826.060714
684,1,0,0,1,0,1,0,1,52,3,3,9665.455714
685,1,0,0,0,0,1,1,1,55,1,0,21243.01429
686,1,0,0,1,0,1,0,1,55,6,3,10859.52857
687,1,0,1,0,0,1,0,1,55,0,6,15826.04643
688,1,0,1,0,0,1,0,1,54,0,3,15478.12143
689,1,1,1,0,0,0,0,1,53,2,4,10791.77143
690,1,1,0,1,0,0,0,1,54,2,2,11407.96786
691,1,0,0,0,1,1,0,1,54,4,1,10274.03571
692,1,0,0,1,0,1,0,1,53,1,2,9883.741786
693,1,1,0,0,0,0,1,1,54,0,2,14090.98929
694,1,0,1,0,0,1,0,1,51,2,5,9337.723214
695,1,1,0,0,0,0,1,1,53,2,5,10853.17857
696,1,0,0,1,0,1,0,1,54,0,2,15361.44286
697,1,1,0,0,0,0,1,1,51,6,0,7641.635357
698,1,1,0,0,0,0,1,1,52,3,0,10469.65
699,1,0,1,0,0,1,0,1,54,6,0,10255.26786
700,1,1,0,0,0,0,1,1,52,4,5,7938.182143
701,1,0,0,1,0,1,0,1,54,0,3,12965.24286
702,1,0,0,0,0,1,1,1,51,3,1,9213.715
703,1,1,1,0,0,0,0,1,50,3,3,9744.465714
704,1,1,0,1,0,0,0,1,54,3,0,11435.91786
705,1,0,0,0,1,1,0,1,50,2,2,6601.925714
706,1,1,0,1,0,0,0,1,54,4,6,8416.760357
707,1,0,0,0,0,1,1,1,50,6,5,6700.596071
708,1,0,1,0,0,1,0,1,50,5,1,6624.606429
709,1,1,0,0,1,0,0,1,53,6,6,10849.95714
710,1,1,0,1,0,0,0,1,54,2,0,11189.70357
711,1,0,1,0,0,1,0,1,52,5,2,9782.402857
712,1,0,0,0,1,1,0,1,54,5,5,10254.84643
713,1,0,0,0,1,1,0,1,54,1,3,12747.03571
714,1,0,0,0,1,1,0,1,54,6,0,10247.48929
715,1,0,1,0,0,1,0,1,54,3,5,10394.61786
716,1,1,0,0,1,0,0,1,55,2,1,14491.07857
717,1,1,0,0,1,0,0,1,50,1,0,14466.65357
718,1,1,0,0,0,0,1,1,52,4,2,10567.21071
719,1,0,0,0,0,1,1,1,51,1,0,18248.78571
720,1,0,0,0,1,1,0,1,53,0,2,9857.774643
721,1,0,0,0,1,1,0,1,51,2,5,6942.591071
722,1,0,0,1,0,1,0,1,55,0,2,13386.29643
723,1,0,0,0,0,1,1,1,55,2,0,10543.76429
724,1,0,1,0,0,1,0,1,55,6,1,10614.02143
725,1,0,0,1,0,1,0,1,54,1,6,10344.975
726,1,1,0,0,0,0,1,1,51,4,6,7529.296786
727,1,0,1,0,0,1,0,1,50,4,1,8753.069643
728,1,1,0,0,0,0,1,1,52,0,1,20865.1
729,1,1,0,1,0,0,0,1,54,0,6,14099.29286
730,1,1,0,0,1,0,0,1,54,4,3,11306.50357
731,1,1,1,0,0,0,0,1,51,2,3,10048.1025
732,1,1,0,0,0,0,1,1,51,1,6,10225.38964
733,1,1,0,0,1,0,0,1,50,5,2,7319.6825
734,1,0,0,0,0,1,1,1,53,5,0,10493.67679
735,1,0,0,0,1,1,0,1,54,5,0,10224.14286
736,1,0,1,0,0,1,0,1,53,5,0,10102.73179
737,1,1,0,1,0,0,0,1,50,6,2,7264.287143
738,1,0,1,0,0,1,0,1,53,4,0,9973.011429
739,1,0,0,1,0,1,0,1,52,5,6,7245.562857
740,1,1,1,0,0,0,0,1,51,0,1,34956.30714
741,1,0,0,0,1,1,0,1,52,2,6,7494.632857
742,1,1,1,0,0,0,0,1,51,3,0,10029.83643
743,1,1,0,0,0,0,1,1,50,3,5,7358.793571
744,1,1,0,0,0,0,1,1,52,0,3,13037.54286
745,1,1,0,0,0,0,1,1,55,6,1,8716.209286
746,1,1,0,1,0,0,0,1,54,2,6,11469.575
747,1,1,0,0,0,0,1,1,55,0,4,14563.05714
748,1,0,1,0,0,1,0,1,54,2,5,10688.99643
749,1,1,0,1,0,0,0,1,52,0,1,20813.21786
750,1,0,1,0,0,1,0,1,53,0,5,15026.40714
751,1,0,0,1,0,1,0,1,54,4,4,10381.475
752,1,0,0,0,1,1,0,1,52,2,1,7387.256071
753,1,1,0,0,1,0,0,1,55,6,2,11914.41071
754,1,1,0,1,0,0,0,1,54,5,5,11186.68571
755,1,0,0,0,0,1,1,1,53,2,0,9996.221071
756,1,0,0,0,1,1,0,1,55,0,6,13175.69643
757,1,0,0,1,0,1,0,1,51,0,1,18502.70714
758,1,1,0,1,0,0,0,1,50,4,2,9714.955714
759,1,0,1,0,0,1,0,1,55,4,0,10630.62857
760,1,1,0,1,0,0,0,1,53,5,4,10923.18571
761,1,1,1,0,0,0,0,1,52,3,5,10471.86786
762,1,0,0,1,0,1,0,1,55,1,2,13420.35357
763,1,0,1,0,0,1,0,1,53,0,3,15012.70357
764,1,1,0,0,0,0,1,1,55,2,1,11619.40357
765,1,1,0,0,1,0,0,1,50,1,5,7312.5125
766,1,1,0,1,0,0,0,1,55,4,3,11676.05
767,1,0,0,0,1,1,0,1,54,0,5,12737.975
768,1,0,0,1,0,1,0,1,51,1,5,9279.212143
769,1,1,1,0,0,0,0,1,52,1,4,13059.95714
770,1,1,1,0,0,0,0,1,55,6,2,11619.65
771,1,0,0,0,1,1,0,1,54,0,2,10298.02857
772,1,0,0,1,0,1,0,1,51,6,3,6884.107857
773,1,0,0,1,0,1,0,1,52,0,5,11938.55357
774,1,1,1,0,0,0,0,1,54,6,3,11210.38929
775,1,0,0,1,0,1,0,1,50,0,2,11019.18214
776,1,0,0,0,1,1,0,1,52,5,1,7261.473571
777,1,1,0,0,0,0,1,1,52,5,6,7857.61
778,1,0,0,0,1,1,0,1,51,1,6,7066.042143
779,1,0,0,0,0,1,1,1,55,1,1,13378.03571
780,1,0,0,0,0,1,1,1,54,1,4,10575.95714
781,1,0,1,0,0,1,0,1,51,6,5,6866.598929
782,1,0,0,0,0,1,1,1,50,5,1,6733.779286
783,1,1,1,0,0,0,0,1,54,3,1,11281.45714
784,1,0,1,0,0,1,0,1,50,3,5,8780.410357
785,1,1,0,1,0,0,0,1,53,3,6,10948.825
786,1,0,0,1,0,1,0,1,55,0,3,15946.32143
787,1,0,0,0,1,1,0,1,54,3,2,10210.62857
788,1,1,0,1,0,0,0,1,51,3,5,10126.46786
789,1,1,0,0,1,0,0,1,53,3,6,10783.62143
790,1,1,0,1,0,0,0,1,52,2,1,10479.28214
791,1,1,1,0,0,0,0,1,55,6,4,11633.8
792,1,1,0,1,0,0,0,1,52,6,3,7954.213571
793,1,1,0,0,1,0,0,1,51,5,5,7550.776429
794,1,0,0,0,1,1,0,1,51,5,1,9169.127143
795,1,1,0,0,0,0,1,1,50,3,4,9769.202143
796,1,0,0,0,1,1,0,1,53,0,3,12294.38571
797,1,1,0,0,0,0,1,1,51,5,1,10207.06286
798,1,0,1,0,0,1,0,1,51,6,6,6824.088929
799,1,1,0,0,1,0,0,1,50,1,3,12002.64643
800,1,1,0,0,1,0,0,1,51,4,2,10132.605
801,1,1,0,0,0,0,1,1,50,4,6,7338.861429
802,1,0,0,0,1,1,0,1,55,0,3,13223.84286
803,1,0,1,0,0,1,0,1,51,5,3,9089.931071
804,1,0,0,1,0,1,0,1,53,5,4,9876.471429
805,1,1,0,0,0,0,1,1,52,2,5,10549.62857
806,1,1,0,0,0,0,1,1,55,6,6,8776.637857
807,1,1,0,0,1,0,0,1,55,4,3,11750.10357
808,1,1,1,0,0,0,0,1,50,3,1,9632.188571
809,1,1,0,0,0,0,1,1,53,2,4,10969.79643
810,1,0,0,0,0,1,1,1,55,3,1,10574.41429
811,1,0,1,0,0,1,0,1,54,5,3,10229.03929
812,1,0,0,0,1,1,0,1,51,2,3,6967.7875
813,1,0,0,0,0,1,1,1,55,2,2,10675.03571
814,1,0,1,0,0,1,0,1,50,0,6,13219.49286
815,1,1,0,0,0,0,1,1,50,2,3,9823.213214
816,1,0,0,1,0,1,0,1,53,4,1,10175.98357
817,1,0,0,0,1,1,0,1,50,3,3,8788.804286
818,1,0,1,0,0,1,0,1,50,2,6,8862.7725
819,1,1,0,1,0,0,0,1,54,1,0,22564.95
820,1,0,0,1,0,1,0,1,52,0,4,11971.43929
821,1,1,0,0,1,0,0,1,52,0,1,18385.24286
822,1,0,0,1,0,1,0,1,51,2,1,9204.694643
823,1,1,1,0,0,0,0,1,51,2,0,12525.30357
824,1,0,1,0,0,1,0,1,52,0,4,14619.52857
825,1,0,1,0,0,1,0,1,51,6,2,6970.53
826,1,1,1,0,0,0,0,1,55,0,6,17397.25
827,1,0,0,0,1,1,0,1,54,1,1,10240.36429
828,1,0,0,1,0,1,0,1,51,5,0,9333.746429
829,1,1,0,0,0,0,1,1,53,6,2,8091.005357
830,1,0,0,0,0,1,1,1,51,5,3,6951.071429
831,1,0,1,0,0,1,0,1,51,2,1,9088.497857
832,1,0,0,0,1,1,0,1,50,3,6,8779.2925
833,1,0,0,1,0,1,0,1,52,3,6,9657.606071
834,1,0,0,0,0,1,1,1,51,5,6,7022.2175
835,1,1,0,1,0,0,0,1,51,4,2,9987.572143
836,1,0,0,0,0,1,1,1,50,4,1,8781.765714
837,1,0,0,0,0,1,1,1,53,6,3,7584.8525
838,1,1,0,0,1,0,0,1,53,3,3,10950.17857
839,1,0,0,0,0,1,1,1,55,5,4,7906.533929
840,1,1,1,0,0,0,0,1,54,3,5,11267.71429
841,1,1,0,0,0,0,1,1,54,1,5,11174.83929
842,1,0,0,1,0,1,0,1,52,0,6,11923.13929
843,1,1,0,0,0,0,1,1,50,1,3,9630.586786
844,1,1,0,0,1,0,0,1,52,3,5,10634.40357
845,1,0,0,0,0,1,1,1,52,6,4,7260.375714
846,1,0,0,0,0,1,1,1,52,2,5,9847.275357
847,1,1,0,0,0,0,1,1,55,3,6,11768.95357
848,1,1,0,0,0,0,1,1,55,0,1,20324.71429
849,1,1,0,1,0,0,0,1,55,3,3,11650.27857
850,1,0,0,0,1,1,0,1,54,6,4,10314.31071
851,1,1,0,1,0,0,0,1,54,0,4,14054.99643
852,1,1,0,0,1,0,0,1,53,3,5,10852.33214
853,1,0,0,0,0,1,1,1,53,2,4,10161.55571
854,1,1,0,0,0,0,1,1,55,4,6,8734.177857
855,1,1,1,0,0,0,0,1,50,0,5,14545.1
856,1,1,1,0,0,0,0,1,53,5,2,10812.17857
857,1,1,0,0,1,0,0,1,53,1,5,10849.55
858,1,0,1,0,0,1,0,1,52,0,3,14641.43214
859,1,0,1,0,0,1,0,1,55,6,4,10568.04286
860,1,0,0,0,1,1,0,1,54,5,1,10231.42857
861,1,0,0,1,0,1,0,1,54,3,4,10407.35714
862,1,0,0,0,1,1,0,1,55,3,1,10559.60357
863,1,0,1,0,0,1,0,1,52,1,6,9929.111786
864,1,0,0,1,0,1,0,1,50,6,3,6737.735714
865,1,1,1,0,0,0,0,1,54,1,1,14082.55
866,1,0,1,0,0,1,0,1,51,2,6,9143.931429
867,1,0,0,0,1,1,0,1,55,5,3,10564.50714
868,1,0,1,0,0,1,0,1,54,2,0,12867.59643
869,1,0,0,0,1,1,0,1,54,5,2,10363.61429
870,1,0,0,1,0,1,0,1,52,0,1,19096.07857
871,1,0,0,0,0,1,1,1,52,3,0,9985.245714
872,1,1,0,1,0,0,0,1,54,6,4,11262.39643
873,1,0,0,0,0,1,1,1,55,0,6,10629.91429
874,1,1,0,1,0,0,0,1,50,0,4,12230.86429
875,1,0,0,1,0,1,0,1,54,6,0,10237.21786
876,1,1,1,0,0,0,0,1,53,0,6,16196.96786
877,1,0,0,1,0,1,0,1,52,3,1,9607.337857
878,1,0,0,0,1,1,0,1,53,1,6,9961.992143
879,1,1,0,0,1,0,0,1,52,5,6,10474.08929
880,1,1,0,0,1,0,0,1,52,4,4,8057.833571
881,1,0,1,0,0,1,0,1,54,6,6,10335.06786
882,1,1,0,0,1,0,0,1,54,1,3,14144.575
883,1,0,1,0,0,1,0,1,52,2,3,9696.877143
884,1,1,0,1,0,0,0,1,54,6,2,11226.37143
885,1,0,1,0,0,1,0,1,55,6,3,10601.25357
886,1,0,0,1,0,1,0,1,53,1,4,9868.644286
887,1,1,0,0,0,0,1,1,52,4,6,7822.188571
888,1,1,0,0,1,0,0,1,50,2,5,9619.163214
889,1,1,0,0,1,0,0,1,52,0,5,10655.93929
890,1,0,0,0,1,1,0,1,55,2,4,10558.89643
891,1,0,1,0,0,1,0,1,52,3,5,9751.861071
892,1,1,0,0,0,0,1,1,55,4,4,8813.534286
893,1,0,0,0,1,1,0,1,54,1,0,15275.16786
894,1,1,0,1,0,0,0,1,52,1,0,18411.05714
895,1,1,0,0,1,0,0,1,51,0,3,12558.48214
896,1,1,1,0,0,0,0,1,51,0,3,14950.87143
897,1,0,0,0,1,1,0,1,55,0,4,13239.7
898,1,0,0,0,1,1,0,1,53,0,1,17256.91429
899,1,1,1,0,0,0,0,1,55,4,0,11782.71071
900,1,1,0,1,0,0,0,1,52,6,1,7862.335714
901,1,1,0,0,0,0,1,1,55,3,0,11605.52857
902,1,1,0,0,1,0,0,1,51,6,6,7712.335714
903,1,1,0,0,1,0,0,1,52,3,4,10441.875
904,1,0,1,0,0,1,0,1,52,3,3,9730.182143
905,1,1,0,0,1,0,0,1,55,3,1,11662.07857
906,1,0,0,0,0,1,1,1,50,5,2,6585.6
907,1,1,0,1,0,0,0,1,52,1,4,10420.68571
908,1,0,1,0,0,1,0,1,55,4,6,10636.54643
909,1,1,0,1,0,0,0,1,54,0,1,22786.11786
910,1,1,0,0,0,0,1,1,54,2,0,11201.775
911,1,1,0,0,1,0,0,1,54,1,1,14009.17857
912,1,0,1,0,0,1,0,1,50,4,4,8830.313571
913,1,0,0,0,1,1,0,1,53,3,1,9885.998214
914,1,1,0,1,0,0,0,1,54,2,1,11194.42857
915,1,0,0,1,0,1,0,1,55,5,6,10762.83214
916,1,0,0,0,1,1,0,1,53,4,0,10124.99357
917,1,1,0,0,0,0,1,1,52,5,0,10545.33929
918,1,1,0,0,0,0,1,1,50,0,6,12086.48571
919,1,0,0,0,1,1,0,1,54,2,6,10381.63214
920,1,1,0,0,0,0,1,1,51,6,6,7627.575
921,1,0,0,0,0,1,1,1,53,0,3,12544.425
922,1,0,0,0,1,1,0,1,50,1,0,11031.32143
923,1,1,0,1,0,0,0,1,52,2,0,10762.65
924,1,1,0,0,1,0,0,1,50,5,5,9633.6125
925,1,0,0,0,0,1,1,1,55,1,2,10697.93571
926,1,1,0,0,1,0,0,1,54,3,2,11278.51786
927,1,0,0,1,0,1,0,1,50,6,1,6684.662143
928,1,0,0,0,1,1,0,1,50,5,0,6566.460357
929,1,0,1,0,0,1,0,1,54,0,2,17965.475
930,1,0,0,0,0,1,1,1,53,0,2,12514.86786
931,1,1,0,0,0,0,1,1,51,4,0,9999.8075
932,1,0,0,0,0,1,1,1,52,0,4,12229.76071
933,1,1,0,0,0,0,1,1,50,2,2,9605.033214
934,1,1,0,1,0,0,0,1,53,0,5,16298.76071
935,1,1,0,0,0,0,1,1,50,4,1,9697.2075
936,1,0,0,0,0,1,1,1,53,0,4,12408.33929
937,1,1,1,0,0,0,0,1,51,1,0,25017.96786
938,1,0,0,1,0,1,0,1,50,5,5,6647.9425
939,1,0,0,0,1,1,0,1,52,0,4,9665.245714
940,1,1,0,0,0,0,1,1,54,4,2,11176.06429
941,1,0,0,0,1,1,0,1,55,4,4,10636.35714
942,1,1,0,0,0,0,1,1,53,5,1,8215.606429
943,1,0,0,0,0,1,1,1,52,6,5,7313.484643
944,1,1,0,0,0,0,1,1,50,6,1,7282.850714
945,1,0,0,1,0,1,0,1,50,6,0,6653.318929
946,1,1,1,0,0,0,0,1,55,5,5,11613.73571
947,1,0,0,0,0,1,1,1,51,4,4,6875.603571
948,1,0,1,0,0,1,0,1,52,4,2,9913.1525
949,1,0,0,0,1,1,0,1,51,4,4,6890.222857
950,1,1,0,0,1,0,0,1,54,6,6,11429.35
951,1,0,1,0,0,1,0,1,52,3,1,9613.4125
952,1,1,0,0,0,0,1,1,54,6,0,8528.9325
953,1,1,0,0,1,0,0,1,54,0,4,14088.75357
954,1,1,1,0,0,0,0,1,51,4,4,10059.36929
955,1,0,0,1,0,1,0,1,52,1,1,11921.90357
956,1,0,0,1,0,1,0,1,54,5,2,10488.20357
957,1,0,0,0,0,1,1,1,52,5,5,7290.246429
958,1,0,1,0,0,1,0,1,54,5,4,10475.32857
959,1,1,1,0,0,0,0,1,52,0,4,15937.08571
960,1,0,1,0,0,1,0,1,54,5,2,10365.95714
961,1,0,0,0,0,1,1,1,51,6,4,6872.612143
962,1,0,0,1,0,1,0,1,51,5,2,9222.131071
963,1,1,0,1,0,0,0,1,50,5,4,9713.666786
964,1,0,0,0,0,1,1,1,50,6,1,6615.538214
965,1,0,0,1,0,1,0,1,53,5,2,10079.88607
966,1,1,1,0,0,0,0,1,53,6,6,10846.55357
967,1,1,1,0,0,0,0,1,51,2,2,10092.39036
968,1,1,1,0,0,0,0,1,55,6,0,11588.275
969,1,0,0,0,1,1,0,1,55,2,6,10548.66786
970,1,1,1,0,0,0,0,1,51,4,1,10115.55929
971,1,0,0,0,0,1,1,1,53,6,6,7666.909643
972,1,1,1,0,0,0,0,1,52,4,1,10400.26071
973,1,0,0,0,0,1,1,1,53,5,4,7757.186071
974,1,1,0,0,0,0,1,1,50,3,3,9645.025357
975,1,1,1,0,0,0,0,1,52,2,4,10605.84286
976,1,1,0,0,1,0,0,1,52,5,5,7948.238214
977,1,0,0,0,0,1,1,1,51,3,3,9132.838214
978,1,1,0,1,0,0,0,1,51,0,4,12549.30714
979,1,1,0,0,1,0,0,1,52,4,5,7914.711429
980,1,0,1,0,0,1,0,1,54,3,1,10384.12857
981,1,1,0,1,0,0,0,1,50,2,1,9605.202143
982,1,1,1,0,0,0,0,1,54,1,0,31002.125
983,1,0,0,0,0,1,1,1,53,2,5,10101.76714
984,1,1,0,0,1,0,0,1,54,5,2,11266.48571
985,1,0,0,0,1,1,0,1,54,4,2,10295.96786
986,1,1,0,0,0,0,1,1,55,4,5,8702.518571
987,1,0,0,0,0,1,1,1,50,2,3,8790.669286
988,1,0,0,1,0,1,0,1,55,2,2,10758.96071
989,1,0,0,1,0,1,0,1,55,1,0,21238.67857
990,1,0,1,0,0,1,0,1,55,3,1,10560.27143
991,1,1,0,0,0,0,1,1,54,5,5,8447.814286
992,1,1,0,0,0,0,1,1,52,1,4,10455.38214
993,1,1,0,0,1,0,0,1,55,6,3,11625.24286
994,1,0,1,0,0,1,0,1,50,2,5,8790.708214
995,1,0,0,0,0,1,1,1,55,4,2,10583.36786
996,1,0,0,0,1,1,0,1,52,5,0,7260.075
997,1,0,0,0,0,1,1,1,51,2,0,9083.299643
998,1,1,0,0,1,0,0,1,54,0,1,19679.76786
999,1,0,0,1,0,1,0,1,52,6,5,7156.731786
1000,1,0,0,1,0,1,0,1,54,2,6,12951.625
1001,1,1,1,0,0,0,0,1,51,4,3,10066.10643
1002,1,0,0,1,0,1,0,1,51,4,1,9279.1775
1003,1,1,0,1,0,0,0,1,51,0,2,12513.11429
1004,1,1,0,0,0,0,1,1,50,2,6,9687.888214
1005,1,0,0,0,1,1,0,1,51,2,2,6952.683214
1006,1,1,1,0,0,0,0,1,51,1,5,9982.091071
1007,1,0,1,0,0,1,0,1,55,5,5,10573.6
1008,1,0,0,1,0,1,0,1,54,6,2,7828.224286
1009,1,1,0,1,0,0,0,1,55,5,6,11623.30357
1010,1,1,0,0,0,0,1,1,54,1,3,11188.79643
1011,1,1,1,0,0,0,0,1,54,4,4,11265.71071
1012,1,0,0,0,1,1,0,1,55,4,5,10635.21429
1013,1,0,0,0,0,1,1,1,55,0,3,13207.38214
1014,1,1,0,0,0,0,1,1,50,3,0,10002.28929
1015,1,1,0,0,0,0,1,1,55,2,0,11644.09643
1016,1,1,0,0,0,0,1,1,53,3,1,10787.56429
1017,1,1,0,0,1,0,0,1,51,1,1,10087.25143
1018,1,0,0,0,1,1,0,1,51,3,6,6920.291786
1019,1,1,0,0,1,0,0,1,54,3,6,11315.59286
1020,1,1,0,1,0,0,0,1,55,2,5,11720.23929
1021,1,0,0,0,1,1,0,1,53,6,6,9919.940714
1022,1,0,0,1,0,1,0,1,50,4,3,8837.871071
1023,1,0,0,0,1,1,0,1,53,6,1,9905.272857
1024,1,0,1,0,0,1,0,1,51,0,6,13826.13929
1025,1,1,1,0,0,0,0,1,55,1,3,14549.95714
1026,1,0,0,1,0,1,0,1,55,4,0,10750.93214
1027,1,1,0,1,0,0,0,1,55,6,1,11833.83214
1028,1,0,1,0,0,1,0,1,52,5,1,9877.670357
1029,1,0,0,1,0,1,0,1,50,0,5,11081.42143
1030,1,0,1,0,0,1,0,1,52,4,1,9671.404286
1031,1,1,1,0,0,0,0,1,52,3,2,10446.75714
1032,1,1,0,1,0,0,0,1,50,1,1,12154.21071
1033,1,1,0,1,0,0,0,1,52,3,4,10422.41786
1034,1,1,1,0,0,0,0,1,53,3,6,10938.86429
1035,1,0,1,0,0,1,0,1,51,0,1,38615.55357
1036,1,1,0,1,0,0,0,1,51,6,6,7497.740714
1037,1,0,0,0,0,1,1,1,54,0,5,13127.94286
1038,1,1,0,1,0,0,0,1,50,1,0,19226.30714
1039,1,0,0,0,1,1,0,1,52,1,3,12004.70714
1040,1,1,0,0,0,0,1,1,51,0,3,12474.56786
1041,1,0,1,0,0,1,0,1,50,5,2,6611.318571
1042,1,0,0,0,1,1,0,1,51,5,4,9288.092143
1043,1,1,0,1,0,0,0,1,54,3,3,11232.64286
1044,1,1,0,0,1,0,0,1,51,0,4,10082.82857
1045,1,1,0,0,0,0,1,1,53,0,5,13644.07143
1046,1,1,0,1,0,0,0,1,51,4,4,10067.05393
1047,1,0,1,0,0,1,0,1,51,4,3,9296.864643
1048,1,1,0,0,1,0,0,1,53,0,4,13566.06786
1049,1,1,0,0,1,0,0,1,53,6,4,10845.35
1050,1,1,0,0,0,0,1,1,53,4,1,10854.52857
1051,1,1,0,0,1,0,0,1,50,3,4,9620.666071
1052,1,0,0,1,0,1,0,1,53,3,0,10002.59536
1053,1,0,0,0,1,1,0,1,50,6,4,8768.433929
1054,1,0,0,1,0,1,0,1,51,3,1,9241.882857
1055,1,1,0,0,0,0,1,1,55,5,5,8691.7775
1056,1,0,0,0,1,1,0,1,55,6,3,10629.84286
1057,1,1,0,1,0,0,0,1,50,4,6,7304.395
1058,1,0,1,0,0,1,0,1,54,1,6,12834.25
1059,1,1,1,0,0,0,0,1,51,6,3,7595.3725
1060,1,1,0,0,1,0,0,1,51,4,5,7622.658571
1061,1,1,0,0,0,0,1,1,50,5,5,7252.8275
1062,1,0,0,1,0,1,0,1,51,1,3,9353.554643
1063,1,0,0,1,0,1,0,1,55,5,3,10767.22143
1064,1,1,0,0,0,0,1,1,55,2,2,11595.46071
1065,1,0,0,0,1,1,0,1,52,4,2,9691.648929
1066,1,1,0,0,1,0,0,1,55,1,0,17541.96071
1067,1,1,0,1,0,0,0,1,52,4,6,10437.73929
1068,1,1,0,0,1,0,0,1,55,5,1,11610.54643
1069,1,1,0,0,0,0,1,1,55,0,2,14612.61071
1070,1,0,0,0,1,1,0,1,54,5,3,10190.85357
1071,1,1,1,0,0,0,0,1,53,0,1,37938.39286
1072,1,0,0,0,1,1,0,1,54,3,6,10280.82143
1073,1,1,0,1,0,0,0,1,54,6,5,8409.915357
1074,1,0,0,0,1,1,0,1,52,1,0,12065.52143
1075,1,0,0,1,0,1,0,1,55,5,5,8002.839286
1076,1,1,0,1,0,0,0,1,55,3,2,11653.15714
1077,1,1,0,0,1,0,0,1,51,2,1,7695.656786
1078,1,1,0,1,0,0,0,1,50,5,1,7200.895714
1079,1,0,0,0,0,1,1,1,54,4,4,7823.261071
1080,1,1,0,1,0,0,0,1,53,1,1,13535.98214
1081,1,1,0,0,0,0,1,1,50,6,5,7504.136071
1082,1,1,0,1,0,0,0,1,52,5,4,10418.55714
1083,1,1,0,0,0,0,1,1,50,6,2,7340.921071
1084,1,0,1,0,0,1,0,1,51,3,1,9157.031071
1085,1,0,0,0,1,1,0,1,50,0,3,8833.548214
1086,1,1,0,1,0,0,0,1,55,1,2,14652.475
1087,1,0,0,0,1,1,0,1,50,5,2,6713.266429
1088,1,0,0,0,0,1,1,1,52,5,0,10030.33571
1089,1,0,0,1,0,1,0,1,53,2,5,9897.555357
1090,1,1,0,0,1,0,0,1,54,3,4,11332.99643
1091,1,0,0,1,0,1,0,1,55,4,6,10744.38929
1092,1,1,1,0,0,0,0,1,52,5,4,7923.886071
1093,1,1,0,0,1,0,0,1,55,5,6,11688.21071
1094,1,0,0,0,0,1,1,1,54,0,1,13143.52143
1095,1,1,0,0,1,0,0,1,53,2,2,10825.39643
1096,1,1,1,0,0,0,0,1,50,5,3,7195.990714
1097,1,0,0,0,1,1,0,1,53,4,5,9890.574643
1098,1,0,0,0,1,1,0,1,50,4,3,8753.69
1099,1,0,0,1,0,1,0,1,52,4,3,9629.681786
1100,1,0,0,1,0,1,0,1,50,4,6,6686.810357
1101,1,1,0,0,1,0,0,1,54,0,3,14059.48571
1102,1,1,1,0,0,0,0,1,54,1,5,13980.55357
1103,1,0,0,1,0,1,0,1,53,0,6,12370.71071
1104,1,1,0,0,0,0,1,1,53,3,0,10794.83214
1105,1,1,1,0,0,0,0,1,53,0,3,16353.84286
1106,1,0,0,0,0,1,1,1,50,1,0,17543.6
1107,1,0,0,1,0,1,0,1,53,1,5,9862.990357
1108,1,1,0,0,0,0,1,1,51,2,0,9994.533571
1109,1,0,0,1,0,1,0,1,55,6,6,10687.40357
1110,1,1,1,0,0,0,0,1,51,3,6,10057.66036
1111,1,0,0,1,0,1,0,1,51,4,5,7055.174643
1112,1,1,0,1,0,0,0,1,55,2,4,11664.92143
1113,1,0,0,1,0,1,0,1,54,2,5,10292.05357
1114,1,1,0,0,1,0,0,1,55,1,3,14688.65
1115,1,1,1,0,0,0,0,1,50,5,0,9626.088929
1116,1,0,0,1,0,1,0,1,51,4,2,9330.253929
1117,1,0,0,0,1,1,0,1,53,5,1,9893.299286
1118,1,0,0,0,0,1,1,1,54,4,5,7739.757857
1119,1,1,0,0,1,0,0,1,51,3,3,7650.56
1120,1,0,0,0,0,1,1,1,54,1,0,20505.64643
1121,1,1,0,0,0,0,1,1,52,6,6,7827.633214
1122,1,1,0,0,0,0,1,1,51,4,5,7527.944643
1123,1,0,1,0,0,1,0,1,52,4,6,9748.8625
1124,1,1,0,0,1,0,0,1,55,2,3,11677.12857
1125,1,1,1,0,0,0,0,1,54,5,4,11255.13929
1126,1,1,0,1,0,0,0,1,52,0,6,13145.11786
1127,1,0,0,1,0,1,0,1,50,5,6,6731.995357
1128,1,1,0,0,0,0,1,1,50,1,5,9673.2875
1129,1,1,0,0,0,0,1,1,54,2,5,11207.80714
1130,1,1,0,0,1,0,0,1,53,5,6,10799.27143
1131,1,1,0,0,0,0,1,1,54,4,1,11339.31786
1132,1,0,0,0,0,1,1,1,54,4,0,10432.00357
1133,1,1,0,0,0,0,1,1,55,5,1,11643.77143
1134,1,1,1,0,0,0,0,1,55,4,6,11676.47143
1135,1,1,1,0,0,0,0,1,54,5,1,11208.01071
1136,1,1,0,1,0,0,0,1,54,4,5,11341.73929
1137,1,0,0,0,0,1,1,1,50,5,5,6634.743571
1138,1,1,1,0,0,0,0,1,54,3,6,11336.59643
1139,1,0,0,0,1,1,0,1,50,5,4,8829.408929
1140,1,0,0,0,1,1,0,1,52,2,5,9648.6725
1141,1,1,0,1,0,0,0,1,53,3,1,10832.3
1142,1,1,1,0,0,0,0,1,55,6,5,11631.43571
1143,1,1,1,0,0,0,0,1,53,4,2,10891.38929
1144,1,1,0,1,0,0,0,1,54,1,5,11259.95714
1145,1,0,0,0,0,1,1,1,50,0,4,10941.00357
1146,1,1,0,0,1,0,0,1,51,5,1,9984.162857
1147,1,0,1,0,0,1,0,1,55,1,2,13184.58929
1148,1,1,1,0,0,0,0,1,52,0,2,18277.61071
1149,1,0,1,0,0,1,0,1,51,3,6,9216.689643
1150,1,1,0,0,1,0,0,1,54,4,0,11374.32143
1151,1,1,0,0,1,0,0,1,50,3,3,9660.786071
1152,1,1,0,1,0,0,0,1,50,2,4,9716.084643
1153,1,1,0,0,0,0,1,1,55,4,2,11656.12857
1154,1,1,1,0,0,0,0,1,54,2,3,11251.03571
1155,1,1,0,0,0,0,1,1,52,1,5,10462.39643
1156,1,0,0,1,0,1,0,1,53,1,3,9865.032143
1157,1,1,0,0,1,0,0,1,52,2,3,10459.32857
1158,1,0,1,0,0,1,0,1,51,0,3,13649.55357
1159,1,0,0,1,0,1,0,1,52,0,2,12024.83214
1160,1,1,1,0,0,0,0,1,53,3,0,10774.13571
1161,1,0,1,0,0,1,0,1,53,0,1,41979.33214
1162,1,0,0,0,1,1,0,1,55,6,6,10677.15357
1163,1,0,0,1,0,1,0,1,54,5,0,10292.15357
1164,1,0,0,1,0,1,0,1,51,2,5,9309.809286
1165,1,0,1,0,0,1,0,1,52,5,3,9979.301071
1166,1,1,0,0,1,0,0,1,52,2,0,10460.03929
1167,1,0,1,0,0,1,0,1,54,2,1,10360.35
1168,1,1,0,0,1,0,0,1,52,4,6,10491.00357
1169,1,1,0,0,1,0,0,1,54,4,6,11277.81429
1170,1,0,1,0,0,1,0,1,51,2,2,9150.639286
1171,1,1,0,0,1,0,0,1,55,3,5,11681.84286
1172,1,0,1,0,0,1,0,1,55,0,3,18560.59643
1173,1,1,1,0,0,0,0,1,50,3,5,9685.677857
1174,1,0,0,1,0,1,0,1,52,5,5,7233.621786
1175,1,0,0,0,0,1,1,1,52,4,0,9705.612143
1176,1,0,1,0,0,1,0,1,53,6,2,9989.96
1177,1,0,0,0,0,1,1,1,54,5,0,10272.75714
1178,1,1,1,0,0,0,0,1,52,0,6,15662.89643
1179,1,0,0,0,0,1,1,1,51,0,3,11419.47143
1180,1,0,0,0,1,1,0,1,50,1,4,8878.743571
1181,1,0,0,0,0,1,1,1,53,3,4,10233.07821
1182,1,1,0,1,0,0,0,1,52,1,3,10408.51071
1183,1,1,1,0,0,0,0,1,55,5,2,11659.87143
1184,1,0,1,0,0,1,0,1,50,5,0,8945.014286
1185,1,0,0,0,1,1,0,1,53,4,1,9920.376429
1186,1,1,0,0,1,0,0,1,54,2,4,11246.33214
1187,1,0,1,0,0,1,0,1,55,4,2,10562.88571
1188,1,0,0,0,0,1,1,1,50,4,3,6788.521429
1189,1,1,0,0,0,0,1,1,50,6,4,7232.701071
1190,1,0,0,0,1,1,0,1,53,5,4,9883.653929
1191,1,0,0,0,1,1,0,1,51,3,3,9119.677857
1192,1,0,1,0,0,1,0,1,55,1,5,13201.85714
1193,1,0,0,0,0,1,1,1,52,5,3,7396.723571
1194,1,0,1,0,0,1,0,1,53,0,4,14984.98214
1195,1,1,0,0,1,0,0,1,50,2,0,9610.018929
1196,1,1,0,0,1,0,0,1,51,3,2,8026.751429
1197,1,0,0,0,0,1,1,1,51,2,6,9392.683214
1198,1,0,0,0,0,1,1,1,52,4,6,7286.683214
1199,1,1,1,0,0,0,0,1,52,1,3,13365.03929
1200,1,0,0,1,0,1,0,1,52,3,4,9730.456429
1201,1,1,0,0,1,0,0,1,55,4,1,11669.85714
1202,1,1,0,1,0,0,0,1,54,0,5,14006.14286
1203,1,1,0,0,1,0,0,1,53,6,1,10844.95357
1204,1,1,0,1,0,0,0,1,55,6,5,11656.39286
1205,1,1,0,0,1,0,0,1,52,1,3,13055.71429
1206,1,1,1,0,0,0,0,1,55,2,5,11924.73571
1207,1,1,1,0,0,0,0,1,53,4,1,10762.73214
1208,1,0,0,1,0,1,0,1,50,3,4,9269.5275
1209,1,1,0,0,0,0,1,1,50,5,0,9895.699643
1210,1,0,0,0,0,1,1,1,52,6,2,7277.774286
1211,1,0,0,0,0,1,1,1,51,3,2,9186.555
1212,1,0,0,0,1,1,0,1,52,5,5,9678.388214
1213,1,0,0,1,0,1,0,1,51,6,0,9220.688571
1214,1,1,0,1,0,0,0,1,55,1,5,11627.66071
1215,1,0,0,0,0,1,1,1,54,3,1,10310.97857
1216,1,0,0,0,0,1,1,1,55,5,2,7933.427143
1217,1,1,0,1,0,0,0,1,55,5,5,11821.67857
1218,1,0,0,0,0,1,1,1,53,2,1,10109.31179
1219,1,1,1,0,0,0,0,1,51,6,6,7546.053571
1220,1,1,0,0,0,0,1,1,55,0,6,14492.79643
1221,1,1,0,1,0,0,0,1,52,3,2,10457.12143
1222,1,1,0,1,0,0,0,1,51,3,0,10047.54214
1223,1,1,1,0,0,0,0,1,52,5,6,7818.513571
1224,1,1,0,1,0,0,0,1,50,3,6,9798.097857
1225,1,1,0,1,0,0,0,1,54,0,3,16858.01071
1226,1,1,0,0,1,0,0,1,53,1,4,13502.42857
1227,1,0,0,0,1,1,0,1,51,4,5,6868.045357
1228,1,0,0,0,1,1,0,1,55,3,6,10588.32857
1229,1,0,1,0,0,1,0,1,55,3,5,10575.66786
1230,1,0,1,0,0,1,0,1,50,0,3,13139.53571
1231,1,0,0,0,0,1,1,1,54,0,6,12789.7
1232,1,0,0,0,1,1,0,1,54,6,1,10171.87143
1233,1,0,0,1,0,1,0,1,54,4,1,10455.17143
1234,1,1,1,0,0,0,0,1,52,4,3,10421.18214
1235,1,1,1,0,0,0,0,1,55,5,0,11703.98214
1236,1,1,0,0,1,0,0,1,51,2,3,7606.953571
1237,1,0,0,0,0,1,1,1,52,4,1,9814.533214
1238,1,0,0,0,0,1,1,1,55,4,6,7917.301071
1239,1,0,0,0,1,1,0,1,53,1,2,12378.61071
1240,1,0,1,0,0,1,0,1,52,1,0,31323.33571
1241,1,1,1,0,0,0,0,1,53,1,4,13490.12857
1242,1,1,0,0,1,0,0,1,51,3,4,7601.191429
1243,1,0,0,0,0,1,1,1,50,3,2,9040.309643
1244,1,1,0,0,1,0,0,1,53,0,5,13508.69643
1245,1,0,1,0,0,1,0,1,55,1,0,34370.3
1246,1,0,0,1,0,1,0,1,52,1,5,9574.142857
1247,1,1,0,0,1,0,0,1,51,6,0,7533.093571
1248,1,1,0,0,1,0,0,1,55,3,3,11689.36071
1249,1,1,0,1,0,0,0,1,50,6,3,7247.714286
1250,1,1,0,0,1,0,0,1,54,6,5,11264.31786
1251,1,0,1,0,0,1,0,1,54,3,4,10333.67143
1252,1,1,0,0,0,0,1,1,51,6,5,7577.328214
1253,1,0,0,0,1,1,0,1,53,2,5,9956.103214
1254,1,1,0,0,0,0,1,1,53,1,3,10791.52143
1255,1,0,1,0,0,1,0,1,55,4,4,10627.56786
1256,1,1,0,1,0,0,0,1,55,5,4,11699.18929
1257,1,1,1,0,0,0,0,1,51,2,4,10001.6275
1258,1,0,1,0,0,1,0,1,50,2,0,8818.461429
1259,1,1,0,1,0,0,0,1,53,6,1,10908.94643
1260,1,0,1,0,0,1,0,1,51,4,4,9127.830357
1261,1,1,1,0,0,0,0,1,52,1,5,10477.56071
1262,1,1,0,0,1,0,0,1,51,6,4,7745.358929
1263,1,1,0,0,1,0,0,1,52,1,0,15710.02143
1264,1,0,0,0,1,1,0,1,53,1,1,9809.985714
1265,1,1,1,0,0,0,0,1,50,6,0,7207.1775
1266,1,0,0,0,1,1,0,1,55,5,1,10598.41786
1267,1,0,0,0,0,1,1,1,54,5,2,7824.036429
1268,1,0,0,0,0,1,1,1,55,2,4,10552.08571
1269,1,0,0,1,0,1,0,1,54,0,1,20607.25714
1270,1,1,0,0,1,0,0,1,53,0,1,18975.78571
1271,1,0,0,1,0,1,0,1,54,3,6,10367.44643
1272,1,1,1,0,0,0,0,1,54,4,6,11225.59643
1273,1,1,0,0,0,0,1,1,53,2,3,11033.83214
1274,1,0,0,1,0,1,0,1,50,2,4,8815.591429
1275,1,0,1,0,0,1,0,1,53,3,1,9896.942143
1276,1,0,1,0,0,1,0,1,51,1,0,27386.19286
1277,1,0,0,0,1,1,0,1,54,5,6,10257.375
1278,1,1,1,0,0,0,0,1,52,5,2,10469.67143
1279,1,1,0,1,0,0,0,1,55,0,2,14499.85
1280,1,1,0,0,0,0,1,1,50,3,2,9829.345357
1281,1,1,0,1,0,0,0,1,52,4,5,10489.225
1282,1,1,0,0,0,0,1,1,54,0,1,19757.45
1283,1,1,0,0,0,0,1,1,53,4,5,8168.830357
1284,1,0,0,1,0,1,0,1,51,6,6,6869.8725
1285,1,1,1,0,0,0,0,1,50,6,2,7227.581071
1286,1,1,1,0,0,0,0,1,53,5,4,10847.30714
1287,1,0,0,1,0,1,0,1,54,1,0,23035.35357
1288,1,1,1,0,0,0,0,1,52,5,0,10644.59643
1289,1,0,0,1,0,1,0,1,54,6,1,10283.38571
1290,1,0,0,0,0,1,1,1,53,0,6,12432.01786
1291,1,0,0,0,0,1,1,1,55,0,5,13184.025
1292,1,1,1,0,0,0,0,1,54,0,4,17026.29643
1293,1,1,0,1,0,0,0,1,52,4,0,10475.45
1294,1,0,1,0,0,1,0,1,54,5,0,10518.12857
1295,1,1,1,0,0,0,0,1,53,2,1,10947.41786
1296,1,1,0,0,0,0,1,1,55,4,3,8751.441429
1297,1,0,0,0,1,1,0,1,55,1,1,10582.38214
1298,1,0,1,0,0,1,0,1,53,6,1,10139.44464
1299,1,0,1,0,0,1,0,1,53,3,6,9886.404286
1300,1,1,1,0,0,0,0,1,50,3,2,9610.065357
1301,1,1,0,0,1,0,0,1,52,6,3,7882.502143
1302,1,0,0,1,0,1,0,1,51,6,1,9299.222143
1303,1,1,0,1,0,0,0,1,50,6,6,7266.365
1304,1,1,0,1,0,0,0,1,53,1,4,10945.02143
1305,1,0,0,1,0,1,0,1,55,3,4,10796.10714
1306,1,1,0,1,0,0,0,1,50,1,4,9736.072857
1307,1,1,0,1,0,0,0,1,53,0,4,13506.96786
1308,1,0,0,0,0,1,1,1,53,3,6,7577.797143
1309,1,0,0,0,1,1,0,1,53,2,6,9901.13
1310,1,1,0,1,0,0,0,1,52,5,3,10397.99643
1311,1,1,0,1,0,0,0,1,55,3,6,11694.54643
1312,1,1,0,1,0,0,0,1,55,6,2,11741.11786
1313,1,0,0,0,0,1,1,1,55,6,0,10640.5
1314,1,0,0,1,0,1,0,1,51,0,4,11572.41786
1315,1,1,0,0,1,0,0,1,51,0,5,10196.26786
1316,1,0,0,0,0,1,1,1,50,5,3,6605.367143
1317,1,1,1,0,0,0,0,1,53,2,2,10852.02143
1318,1,1,0,0,1,0,0,1,54,2,5,11319.57143
1319,1,0,0,0,0,1,1,1,51,1,2,9217.346429
1320,1,0,1,0,0,1,0,1,53,1,5,12444.86786
1321,1,0,0,1,0,1,0,1,53,2,3,9955.077857
1322,1,1,0,1,0,0,0,1,50,2,5,9766.924286
1323,1,1,0,1,0,0,0,1,50,5,3,7367.228571
1324,1,1,1,0,0,0,0,1,52,2,6,10440.86071
1325,1,1,0,1,0,0,0,1,51,2,5,10005.77179
1326,1,0,0,1,0,1,0,1,54,1,3,10291.87857
1327,1,1,1,0,0,0,0,1,52,1,6,10412.60357
1328,1,0,0,0,1,1,0,1,52,1,4,9647.725357
1329,1,0,0,0,1,1,0,1,52,0,6,9880.354286
1330,1,1,0,1,0,0,0,1,52,6,0,10439.46071
1331,1,1,0,0,1,0,0,1,51,1,2,7837.276429
1332,1,1,0,0,1,0,0,1,50,0,6,9654.905
1333,1,1,0,0,0,0,1,1,50,0,4,12048.78929
1334,1,0,0,0,1,1,0,1,52,0,2,9626.771071
1335,1,1,1,0,0,0,0,1,54,6,2,11241.1
1336,1,0,1,0,0,1,0,1,52,6,0,9641.675
1337,1,0,0,1,0,1,0,1,55,5,4,10730.63214
1338,1,1,1,0,0,0,0,1,55,4,1,11732.22857
1339,1,1,0,1,0,0,0,1,51,1,4,10003.12036
1340,1,0,1,0,0,1,0,1,53,6,3,9968.680357
1341,1,0,0,0,1,1,0,1,55,4,6,10578.92143
1342,1,0,0,0,0,1,1,1,51,6,3,6824.701071
1343,1,0,0,1,0,1,0,1,51,0,3,11428.35714
1344,1,1,0,0,0,0,1,1,51,3,0,10004.07643
1345,1,0,1,0,0,1,0,1,54,4,3,10248.2
1346,1,0,0,0,1,1,0,1,52,2,3,9647.13
1347,1,1,0,0,1,0,0,1,55,3,4,11651.575
1348,1,1,0,1,0,0,0,1,53,2,6,10871.03929
1349,1,1,0,1,0,0,0,1,51,5,6,7598.742143
1350,1,0,0,0,1,1,0,1,52,6,1,7461.558214
1351,1,0,0,0,1,1,0,1,52,3,6,9614.968214
1352,1,1,0,1,0,0,0,1,55,1,6,11658.51786
1353,1,1,0,1,0,0,0,1,55,4,1,11821.56786
1354,1,0,0,1,0,1,0,1,55,4,3,10709.39286
1355,1,1,0,0,1,0,0,1,53,1,2,13660.53214
1356,1,1,0,0,1,0,0,1,50,0,3,9622.168929
1357,1,1,0,1,0,0,0,1,53,3,3,10815.73214
1358,1,1,0,0,1,0,0,1,54,6,4,11197.35357
1359,1,0,1,0,0,1,0,1,53,2,1,10515.67643
1360,1,1,0,1,0,0,0,1,51,4,0,10138.35357
1361,1,0,0,1,0,1,0,1,55,4,4,10721.28929
1362,1,1,0,1,0,0,0,1,50,6,5,7341.613571
1363,1,0,1,0,0,1,0,1,54,3,0,10761.5
1364,1,0,0,1,0,1,0,1,52,5,4,9743.575357
1365,1,0,0,0,0,1,1,1,54,1,6,10445.20714
1366,1,0,0,0,0,1,1,1,50,0,2,11103.57857
1367,1,0,0,0,0,1,1,1,53,1,4,9913.595357
1368,1,0,0,0,1,1,0,1,52,5,3,7360.898214
1369,1,1,0,0,0,0,1,1,55,1,6,11738.76429
1370,1,0,0,0,0,1,1,1,50,2,2,8761.277857
1371,1,1,0,0,0,0,1,1,52,2,1,10421.075
1372,1,0,0,0,1,1,0,1,51,6,1,9168.659643
1373,1,0,1,0,0,1,0,1,53,3,5,10134.58179
1374,1,0,1,0,0,1,0,1,50,0,1,28465.41786
1375,1,1,0,1,0,0,0,1,55,1,4,11630.93929
1376,1,1,0,0,1,0,0,1,52,0,2,13076.93214
1377,1,0,0,0,0,1,1,1,50,0,5,11036.91786
1378,1,1,0,1,0,0,0,1,53,4,0,10823.03214
1379,1,1,0,0,0,0,1,1,50,4,5,7307.436071
1380,1,1,1,0,0,0,0,1,52,6,4,7924.688571
1381,1,1,0,0,0,0,1,1,55,3,5,11717.73571
1382,1,1,0,1,0,0,0,1,50,0,3,12006.51071
1383,1,1,0,0,0,0,1,1,55,1,0,23227.74643
1384,1,0,0,0,1,1,0,1,51,1,3,9288.621786
1385,1,0,1,0,0,1,0,1,55,1,6,13204.03214
1386,1,0,0,0,0,1,1,1,54,2,1,10193.07143
1387,1,1,0,0,0,0,1,1,50,4,3,7252.925357
1388,1,1,0,0,1,0,0,1,52,2,5,10422.78571
1389,1,1,0,0,0,0,1,1,51,4,3,7518.641429
1390,1,1,0,0,0,0,1,1,52,6,4,7833.066071
1391,1,1,1,0,0,0,0,1,55,2,3,11641.375
1392,1,0,0,1,0,1,0,1,51,6,5,6902.021071
1393,1,0,0,1,0,1,0,1,50,3,1,8802.333929
1394,1,0,1,0,0,1,0,1,51,3,4,9158.237143
1395,1,0,1,0,0,1,0,1,50,1,3,10953.81429
1396,1,0,0,0,1,1,0,1,50,4,6,8824.834643
1397,1,0,1,0,0,1,0,1,52,6,4,7402.7725
1398,1,0,0,0,1,1,0,1,54,3,4,10458.83214
1399,1,1,0,1,0,0,0,1,55,6,6,11700.17143
1400,1,0,0,1,0,1,0,1,54,4,5,10274.28214
1401,1,0,0,0,0,1,1,1,52,5,1,7399.031786
1402,1,1,0,0,0,0,1,1,55,5,4,8691.526429
1403,1,1,0,0,1,0,0,1,54,1,6,11188.45714
1404,1,0,0,1,0,1,0,1,54,3,3,10268.72143
1405,1,0,0,0,1,1,0,1,50,3,1,6615.623214
1406,1,1,1,0,0,0,0,1,51,5,1,10042.00179
1407,1,0,1,0,0,1,0,1,52,1,1,12343.875
1408,1,1,1,0,0,0,0,1,55,2,1,11602.56429
1409,1,0,1,0,0,1,0,1,52,1,5,9714.740357
1410,1,0,0,0,1,1,0,1,53,3,5,9817.643929
1411,1,0,0,0,1,1,0,1,54,0,1,17956.29643
1412,1,0,0,0,1,1,0,1,53,2,1,7518.184286
1413,1,0,0,1,0,1,0,1,50,2,3,8798.291071
1414,1,0,0,1,0,1,0,1,50,1,2,8811.778929
1415,1,1,1,0,0,0,0,1,52,2,0,13210.85357
1416,1,0,0,1,0,1,0,1,55,1,1,13395.58571
1417,1,0,0,0,0,1,1,1,55,6,3,7962.538214
1418,1,0,0,1,0,1,0,1,51,5,6,6979.780714
1419,1,0,0,0,1,1,0,1,52,4,3,7304.414286
1420,1,0,0,0,0,1,1,1,54,6,6,7947.12
1421,1,1,0,1,0,0,0,1,54,2,3,11516.93214
1422,1,0,0,0,0,1,1,1,51,3,5,7028.360357
1423,1,0,0,1,0,1,0,1,52,5,1,9651.783929
1424,1,1,0,0,0,0,1,1,54,4,3,11312.93929
1425,1,0,0,0,1,1,0,1,54,1,4,12780.83929
1426,1,1,0,0,1,0,0,1,51,2,0,9988.968214
1427,1,1,0,0,0,0,1,1,54,6,4,8381.460357
1428,1,1,0,0,0,0,1,1,50,5,4,7208.536071
1429,1,1,1,0,0,0,0,1,52,3,6,10479.35714
1430,1,0,0,0,0,1,1,1,51,5,1,6910.433571
1431,1,1,1,0,0,0,0,1,50,2,3,9634.164286
1432,1,0,0,0,1,1,0,1,50,5,5,8827.153214
1433,1,1,0,0,0,0,1,1,53,4,4,8079.076786
1434,1,1,0,0,1,0,0,1,50,6,0,7337.530357
1435,1,0,1,0,0,1,0,1,54,0,6,15479.22857
1436,1,1,1,0,0,0,0,1,51,6,2,7531.559643
1437,1,0,1,0,0,1,0,1,51,5,5,6984.516429
1438,1,0,0,1,0,1,0,1,51,1,4,9229.78
1439,1,1,0,1,0,0,0,1,55,5,2,11610.725
1440,1,1,0,1,0,0,0,1,55,2,3,11662.63214
1441,1,0,0,1,0,1,0,1,51,3,2,9268.971071
1442,1,1,0,1,0,0,0,1,54,5,4,11368.02857
1443,1,1,0,0,1,0,0,1,55,0,6,14499.13571
1444,1,0,0,0,0,1,1,1,50,2,6,8897.715714
1445,1,1,0,1,0,0,0,1,50,4,3,9660.106071
1446,1,0,0,0,0,1,1,1,55,0,1,15878.875
1447,1,0,0,1,0,1,0,1,53,6,5,9877.826071
1448,1,1,0,0,1,0,0,1,54,6,2,11308.27857
1449,1,1,0,0,1,0,0,1,50,2,6,7307.085714
1450,1,0,1,0,0,1,0,1,54,4,1,10347.71429
1451,1,1,0,0,0,0,1,1,55,1,4,11714.88929
1452,1,1,0,0,0,0,1,1,54,3,1,11266.20357
1453,1,0,1,0,0,1,0,1,51,2,3,9233.073214
1454,1,1,0,0,1,0,0,1,53,2,6,10783.43929
1455,1,0,0,0,1,1,0,1,52,6,3,9688.483571
1456,1,1,1,0,0,0,0,1,51,1,1,12602.45714
1457,1,0,0,0,0,1,1,1,53,2,6,9976.332143
1458,1,1,0,0,1,0,0,1,52,0,3,8025.371786
1459,1,1,0,0,0,0,1,1,50,1,4,9585.320357
1460,1,0,0,0,0,1,1,1,52,0,5,12532.925
1461,1,0,0,0,0,1,1,1,53,5,6,7640.566786
1462,1,1,0,0,0,0,1,1,51,2,3,9969.311429
1463,1,1,0,0,1,0,0,1,54,2,0,11318.95
1464,1,1,0,1,0,0,0,1,53,6,4,10800.28214
1465,1,1,0,0,1,0,0,1,53,4,5,10787.73214
1466,1,0,0,0,0,1,1,1,50,0,6,8754.275714
1467,1,0,0,0,1,1,0,1,50,5,1,6638.023214
1468,1,1,0,0,1,0,0,1,52,6,1,7943.528214
1469,1,1,1,0,0,0,0,1,52,5,1,10581.48929
1470,1,0,0,1,0,1,0,1,53,6,3,9980.670357
1471,1,1,1,0,0,0,0,1,54,5,2,11298.8
1472,1,1,0,1,0,0,0,1,55,5,1,11674.55357
1473,1,1,0,0,1,0,0,1,54,1,5,13977.35
1474,1,1,0,0,1,0,0,1,50,4,5,9646.541071
1475,1,0,0,1,0,1,0,1,50,2,2,8868.045714
1476,1,1,0,0,0,0,1,1,53,2,1,10780.62143
1477,1,0,1,0,0,1,0,1,55,6,5,10673.58571
1478,1,0,0,1,0,1,0,1,50,4,4,8833.811429
1479,1,0,0,1,0,1,0,1,53,3,1,9907.192857
1480,1,0,0,1,0,1,0,1,51,4,6,7022.481786
1481,1,0,0,0,0,1,1,1,53,1,6,10111.58893
1482,1,0,1,0,0,1,0,1,54,5,1,10179.48571
1483,1,0,0,0,1,1,0,1,51,3,2,9106.789286
1484,1,1,0,0,1,0,0,1,53,5,5,10851.35357
1485,1,0,0,0,1,1,0,1,51,2,4,6889.851786
1486,1,1,0,1,0,0,0,1,51,6,1,10176.08429
1487,1,1,1,0,0,0,0,1,53,1,2,13466.25357
1488,1,0,0,0,1,1,0,1,53,1,4,10259.83571
1489,1,1,0,0,0,0,1,1,51,4,4,7614.116786
1490,1,0,0,0,0,1,1,1,55,6,4,7937.0025
1491,1,1,1,0,0,0,0,1,51,1,2,12666.4
1492,1,1,0,1,0,0,0,1,52,4,4,10437.16786
1493,1,1,0,0,0,0,1,1,53,5,2,8136.414643
1494,1,1,0,0,0,0,1,1,51,0,2,12529.8
1495,1,0,0,1,0,1,0,1,54,2,4,10261.82143
1496,1,1,0,1,0,0,0,1,52,0,2,13061.23214
1497,1,1,0,0,0,0,1,1,52,5,5,7827.3175
1498,1,1,1,0,0,0,0,1,55,3,2,11590.94643
1499,1,1,0,0,1,0,0,1,52,4,3,7921.049643
1500,1,1,0,0,1,0,0,1,52,1,6,10514.90357
1501,1,1,0,1,0,0,0,1,53,1,0,21636.46429
1502,1,0,0,1,0,1,0,1,50,1,3,8799.903214
1503,1,1,0,0,1,0,0,1,52,3,1,7873.001429
1504,1,0,0,0,1,1,0,1,51,3,5,6932.422143
1505,1,1,0,0,0,0,1,1,54,2,2,11422.38214
1506,1,1,0,1,0,0,0,1,52,2,6,10454.95
1507,1,0,0,1,0,1,0,1,55,2,1,13486.08214
1508,1,1,0,0,0,0,1,1,50,5,6,7401.405
1509,1,1,1,0,0,0,0,1,50,2,0,9620.048571
1510,1,1,0,0,1,0,0,1,54,1,0,16920.88214
1511,1,0,0,0,0,1,1,1,54,2,4,10358.03571
1512,1,0,0,0,0,1,1,1,55,1,4,10656.11071
1513,1,1,0,0,0,0,1,1,51,0,4,12528.98929
1514,1,1,0,0,1,0,0,1,50,0,1,17204.00714
1515,1,1,0,0,1,0,0,1,55,2,2,11672.72857
1516,1,1,0,0,0,0,1,1,54,4,5,8485.338214
1517,1,0,0,0,1,1,0,1,51,6,4,9232.578929
1518,1,0,0,0,1,1,0,1,52,1,5,9659.768214
1519,1,0,0,0,0,1,1,1,55,4,3,7981.634643
1520,1,1,0,0,0,0,1,1,52,2,6,10514.40714
1521,1,0,0,0,0,1,1,1,51,5,4,6834.028214
1522,1,1,1,0,0,0,0,1,50,3,0,9694.278929
1523,1,1,0,0,1,0,0,1,50,3,0,7208.785714
1524,1,0,1,0,0,1,0,1,52,3,4,9808.204643
1525,1,1,1,0,0,0,0,1,52,1,0,28690.68571
1526,1,1,0,0,1,0,0,1,50,1,1,9631.492143
1527,1,0,0,1,0,1,0,1,55,1,5,10780.18214
1528,1,1,0,0,1,0,0,1,54,6,0,11502.83571
1529,1,1,0,0,1,0,0,1,53,4,2,10787.30714
1530,1,0,1,0,0,1,0,1,55,2,3,10614.51786
1531,1,0,0,1,0,1,0,1,55,6,5,7976.0775
1532,1,0,0,0,0,1,1,1,55,3,0,10668.19286
1533,1,1,0,1,0,0,0,1,55,0,1,23312.48214
1534,1,1,1,0,0,0,0,1,51,3,4,9978.47
1535,1,1,1,0,0,0,0,1,50,4,0,9769.731786
1536,1,1,1,0,0,0,0,1,52,4,0,10425.27143
1537,1,0,0,0,0,1,1,1,55,5,6,7917.624286
1538,1,0,0,1,0,1,0,1,51,1,2,9385.075
1539,1,0,0,1,0,1,0,1,55,6,0,10638.05714
1540,1,0,0,1,0,1,0,1,50,4,0,8913.832857
1541,1,1,0,1,0,0,0,1,55,3,5,11593.26429
1542,1,1,0,0,1,0,0,1,54,2,3,11287.93214
1543,1,1,1,0,0,0,0,1,55,2,6,11611.91786
1544,1,1,0,1,0,0,0,1,55,6,3,11620.29643
1545,1,0,0,1,0,1,0,1,51,5,4,9157.316429
1546,1,1,1,0,0,0,0,1,54,6,5,11361.99286
1547,1,0,0,0,1,1,0,1,51,3,4,6921.327857
1548,1,1,1,0,0,0,0,1,50,0,2,16879.58571
1549,1,0,0,0,0,1,1,1,50,3,3,8818.212143
1550,1,1,0,1,0,0,0,1,54,2,4,11229.06071
1551,1,0,0,0,0,1,1,1,51,1,6,9146.467857
1552,1,1,0,0,0,0,1,1,53,0,1,21736.61071
1553,1,1,0,0,0,0,1,1,51,0,6,10026.57107
1554,1,1,0,0,0,0,1,1,55,0,3,14506.42857
1555,1,1,0,0,0,0,1,1,51,5,6,7720.673929
1556,1,0,0,0,0,1,1,1,53,5,1,7788.895
1557,1,1,0,1,0,0,0,1,55,1,0,23248.49286
1558,1,1,1,0,0,0,0,1,55,1,4,14503.73214
1559,1,1,0,0,0,0,1,1,55,2,6,11600.46071
1560,1,1,0,0,0,0,1,1,51,2,2,10003.29821
1561,1,0,0,1,0,1,0,1,55,2,5,10634.375
1562,1,1,0,1,0,0,0,1,51,4,3,10043.065
1563,1,0,0,0,1,1,0,1,53,5,2,9886.712143
1564,1,0,0,0,1,1,0,1,53,1,5,10018.70893
1565,1,0,0,1,0,1,0,1,52,1,3,9573.6275
1566,1,1,1,0,0,0,0,1,52,5,3,10621.36071
1567,1,1,0,1,0,0,0,1,52,1,1,13020.71786
1568,1,1,0,0,0,0,1,1,52,5,2,7899.805
1569,1,0,1,0,0,1,0,1,53,2,4,9867.480357
1570,1,0,0,1,0,1,0,1,50,6,5,6599.879286
1571,1,0,0,1,0,1,0,1,54,4,0,10301.075
1572,1,1,0,0,0,0,1,1,53,3,5,8118.213571
1573,1,1,0,0,1,0,0,1,51,6,1,10241.35321
1574,1,1,1,0,0,0,0,1,52,4,4,10436.44643
1575,1,0,0,0,0,1,1,1,50,3,4,8891.388929
1576,1,0,1,0,0,1,0,1,52,4,3,9846.498929
1577,1,0,0,0,0,1,1,1,51,2,3,9112.441071
1578,1,0,0,0,1,1,0,1,55,6,2,10617.89643
1579,1,0,0,0,1,1,0,1,52,2,4,9576.286071
1580,1,1,0,0,0,0,1,1,53,5,0,10788.81071
1581,1,0,0,0,1,1,0,1,50,1,3,10955.47143
1582,1,1,0,1,0,0,0,1,52,6,2,7841.623214
1583,1,1,0,0,1,0,0,1,54,5,4,11238.61071
1584,1,1,0,0,1,0,0,1,55,1,6,11617.34286
1585,1,1,0,0,0,0,1,1,53,4,2,10768.44643
1586,1,1,1,0,0,0,0,1,52,0,1,36620.55357
1587,1,0,0,0,0,1,1,1,52,3,4,9750.368571
1588,1,0,0,0,0,1,1,1,53,3,2,9893.181071
1589,1,0,0,1,0,1,0,1,51,3,3,9231.426071
1590,1,1,0,1,0,0,0,1,54,5,6,8492.153214
1591,1,0,0,1,0,1,0,1,53,2,6,10031.41143
1592,1,1,0,1,0,0,0,1,50,6,0,7387.462857
1593,1,0,0,0,0,1,1,1,52,0,1,12304.27857
1594,1,0,0,0,1,1,0,1,54,6,5,10189.24643
1595,1,0,0,1,0,1,0,1,50,5,2,6780.63
1596,1,1,0,0,1,0,0,1,54,0,5,14108.80357
1597,1,0,1,0,0,1,0,1,52,0,6,14460.025
1598,1,1,0,1,0,0,0,1,53,3,5,10894.09286
1599,1,0,1,0,0,1,0,1,52,5,6,7365.070357
1600,1,1,0,0,1,0,0,1,50,5,0,7283.267143
1601,1,1,0,0,1,0,0,1,52,4,0,7854.093214
1602,1,1,0,0,0,0,1,1,52,6,3,7870.503571
1603,1,0,0,1,0,1,0,1,55,0,5,13460.58929
1604,1,1,0,1,0,0,0,1,53,2,3,11017.72857
1605,1,1,0,0,1,0,0,1,51,3,5,7671.019286
1606,1,1,0,1,0,0,0,1,50,5,0,9662.420357
1607,1,0,0,0,1,1,0,1,50,0,4,8907.062143
1608,1,1,0,0,0,0,1,1,54,6,2,8651.335357
1609,1,0,1,0,0,1,0,1,53,0,6,14792.46786
1610,1,0,1,0,0,1,0,1,51,4,1,9157.998214
1611,1,1,0,1,0,0,0,1,51,5,4,7526.2075
1612,1,0,0,1,0,1,0,1,55,2,3,10621.35714
1613,1,1,1,0,0,0,0,1,50,0,6,14523.22857
1614,1,1,0,1,0,0,0,1,52,2,4,10439.88214
1615,1,0,0,0,0,1,1,1,52,2,0,9594.527143
1616,1,0,0,0,1,1,0,1,51,5,2,9100.057143
1617,1,1,1,0,0,0,0,1,52,1,2,13109.16786
1618,1,1,1,0,0,0,0,1,50,3,6,9710.789643
1619,1,0,1,0,0,1,0,1,50,0,5,13283.93214
1620,1,0,0,0,0,1,1,1,50,6,3,6672.104643
1621,1,1,1,0,0,0,0,1,53,3,1,10828.94643
1622,1,0,1,0,0,1,0,1,55,4,3,10549.575
1623,1,0,0,1,0,1,0,1,53,5,3,10046.29429
1624,1,1,0,1,0,0,0,1,54,5,2,11251.1
1625,1,1,0,1,0,0,0,1,54,6,3,8433.668214
1626,1,1,0,0,1,0,0,1,52,3,3,10536.68571
1627,1,0,0,0,1,1,0,1,54,2,2,10242.53929
1628,1,0,1,0,0,1,0,1,53,0,2,17283.86429
1629,1,1,0,0,0,0,1,1,51,0,5,12527.19286
1630,1,1,0,1,0,0,0,1,54,4,1,11283.26429
1631,1,1,0,0,0,0,1,1,52,3,2,10517.2
1632,1,0,0,1,0,1,0,1,51,4,0,9191.225357
1633,1,1,0,0,1,0,0,1,50,4,6,9684.131071
1634,1,0,0,0,1,1,0,1,50,4,2,6640.879643
1635,1,1,0,1,0,0,0,1,52,0,5,13018.69286
1636,1,1,0,0,1,0,0,1,55,6,1,11675.80714
1637,1,1,0,1,0,0,0,1,51,4,5,7718.941429
1638,1,1,0,0,0,0,1,1,51,5,4,7576.131786
1639,1,0,0,0,0,1,1,1,51,3,0,9205.193929
1640,1,0,1,0,0,1,0,1,51,3,3,9183.753571
1641,1,0,0,0,1,1,0,1,50,0,2,8801.738571
1642,1,1,0,0,0,0,1,1,50,0,5,12113.725
1643,1,1,0,1,0,0,0,1,55,0,4,17408.49643
1644,1,1,0,0,1,0,0,1,50,3,6,9618.2225
1645,1,0,0,0,1,1,0,1,55,6,4,10620.84643
1646,1,1,0,0,1,0,0,1,53,0,2,13628.31786
1647,1,1,0,0,0,0,1,1,55,2,5,11593.16429
1648,1,1,0,0,1,0,0,1,50,6,2,7263.305357
1649,1,1,0,0,0,0,1,1,50,2,1,9611.142143
1650,1,0,0,1,0,1,0,1,51,1,1,11658.76429
1651,1,0,0,1,0,1,0,1,55,2,4,10659.96786
1652,1,0,0,0,0,1,1,1,54,6,0,7885.636786
1653,1,0,1,0,0,1,0,1,53,4,6,10019.21964
1654,1,0,0,0,1,1,0,1,52,6,5,9624.289643
1655,1,0,1,0,0,1,0,1,53,1,0,29611.41429
1656,1,1,0,0,0,0,1,1,52,5,1,7913.074286
1657,1,0,0,0,0,1,1,1,53,3,0,10365.42714
1658,1,0,0,0,0,1,1,1,55,5,1,10695.7
1659,1,0,0,1,0,1,0,1,52,5,0,9608.800357
1660,1,1,0,0,0,0,1,1,50,4,2,7260.82
1661,1,1,0,0,1,0,0,1,50,4,3,9637.286429
1662,1,0,0,0,0,1,1,1,54,1,2,10224.23929
1663,1,0,0,0,1,1,0,1,54,6,6,10245.36786
1664,1,0,0,1,0,1,0,1,55,3,0,10696.6
1665,1,0,1,0,0,1,0,1,51,4,5,9140.667143
1666,1,0,1,0,0,1,0,1,54,4,0,10204.70714
1667,1,0,0,1,0,1,0,1,51,4,3,9250.598214
1668,1,1,1,0,0,0,0,1,54,1,2,14060.82143
1669,1,0,0,0,0,1,1,1,53,6,0,7731.825714
1670,1,1,1,0,0,0,0,1,53,5,6,10828.7
1671,1,1,0,1,0,0,0,1,52,5,1,10411.49286
1672,1,1,0,0,1,0,0,1,55,6,0,11607.11071
1673,1,0,0,1,0,1,0,1,53,6,0,9987.702857
1674,1,0,1,0,0,1,0,1,55,1,1,13255.74286
1675,1,1,0,0,1,0,0,1,55,2,5,11706.10714
1676,1,1,0,0,0,0,1,1,53,4,6,8145.609286
1677,1,1,0,0,0,0,1,1,53,6,0,8122.217857
1678,1,1,0,1,0,0,0,1,52,3,6,10452.7
1679,1,0,1,0,0,1,0,1,54,6,4,10498.33214
1680,1,0,0,0,0,1,1,1,52,2,2,9690.220714
1681,1,0,0,1,0,1,0,1,52,0,3,11980.72857
1682,1,1,0,0,1,0,0,1,52,0,4,10621.98214
1683,1,0,0,0,0,1,1,1,50,5,0,8800.893929
1684,1,1,0,1,0,0,0,1,53,4,1,10803.59643
1685,1,1,0,0,0,0,1,1,54,6,5,8396.121786
1686,1,1,1,0,0,0,0,1,55,4,5,11594.12857
1687,1,1,0,1,0,0,0,1,50,1,5,9741.663929
1688,1,0,1,0,0,1,0,1,54,1,4,12940.71071
1689,1,0,0,1,0,1,0,1,51,1,6,9233.630357
1690,1,1,0,0,0,0,1,1,53,1,2,10838.45357
1691,1,1,0,0,1,0,0,1,54,0,2,14045.65
1692,1,0,0,0,1,1,0,1,54,3,0,10337.80357
1693,1,0,0,0,0,1,1,1,52,4,3,7265.464643
1694,1,1,0,0,0,0,1,1,50,0,1,19289.51786
1695,1,0,0,1,0,1,0,1,53,3,2,9887.039643
1696,1,0,0,1,0,1,0,1,54,5,3,10307.53571
1697,1,1,0,0,0,0,1,1,52,2,0,10641.83571
1698,1,1,0,0,0,0,1,1,52,3,1,10550.17143
1699,1,0,0,0,0,1,1,1,53,3,5,7620.214286
1700,1,1,0,0,1,0,0,1,51,3,1,7676.810714
1701,1,0,1,0,0,1,0,1,51,6,1,6933.268214
1702,1,1,1,0,0,0,0,1,52,4,2,10487.91071
1703,1,1,0,0,1,0,0,1,50,3,1,7263.260357
1704,1,1,0,1,0,0,0,1,55,3,0,11832.55
1705,1,0,0,0,0,1,1,1,50,1,5,8745.277143
1706,1,1,0,0,1,0,0,1,53,5,1,10800.26429
1707,1,0,0,0,1,1,0,1,50,4,0,6578.662857
1708,1,1,0,1,0,0,0,1,52,1,2,10521.675
1709,1,0,0,0,0,1,1,1,55,0,2,13293.58214
1710,1,1,1,0,0,0,0,1,53,1,5,13496.29286
1711,1,0,0,0,1,1,0,1,55,2,2,10596.33571
1712,1,1,0,0,0,0,1,1,50,0,3,12071.20714
1713,1,1,0,0,0,0,1,1,50,2,4,9590.872143
1714,1,0,0,1,0,1,0,1,54,5,6,10379.50714
1715,1,1,0,0,1,0,0,1,53,3,4,10876.78214
1716,1,1,0,0,0,0,1,1,53,6,3,8117.571429
1717,1,1,1,0,0,0,0,1,52,3,0,10526.27857
1718,1,1,0,0,0,0,1,1,53,4,0,10787.21071
1719,1,0,0,1,0,1,0,1,51,5,5,7022.495714
1720,1,0,0,0,1,1,0,1,50,1,1,8747.9225
1721,1,1,0,0,0,0,1,1,53,6,5,8349.744643
1722,1,1,0,0,0,0,1,1,54,4,4,8538.686786
1723,1,0,0,0,1,1,0,1,52,1,6,9659.289643
1724,1,1,0,0,1,0,0,1,51,3,0,7531.974286
1725,1,0,1,0,0,1,0,1,52,5,0,9761.408214
1726,1,1,0,1,0,0,0,1,54,6,6,8520.446429
1727,1,1,0,1,0,0,0,1,51,2,3,10045.76393
1728,1,1,0,1,0,0,0,1,51,1,2,10175.52607
1729,1,1,0,0,1,0,0,1,53,2,4,10820.40357
1730,1,0,0,0,0,1,1,1,50,5,4,6650.283929
1731,1,1,0,0,0,0,1,1,52,2,4,10431.96071
1732,1,0,0,0,0,1,1,1,55,2,1,10670.17857
1733,1,0,0,1,0,1,0,1,53,6,2,9882.412857
1734,1,1,0,0,1,0,0,1,55,5,5,11740.66429
1735,1,0,1,0,0,1,0,1,52,1,2,12446.97857
1736,1,1,0,0,1,0,0,1,55,2,6,11628.68214
1737,1,0,0,0,0,1,1,1,50,2,4,8883.6975
1738,1,1,1,0,0,0,0,1,53,4,6,10840.13571
1739,1,0,1,0,0,1,0,1,50,2,2,8846.908929
1740,1,0,0,1,0,1,0,1,51,6,4,6903.155714
1741,1,1,1,0,0,0,0,1,50,0,1,28787.18214
1742,1,0,1,0,0,1,0,1,55,2,6,10666.10357
1743,1,1,0,1,0,0,0,1,55,6,0,11633.61786
1744,1,1,0,0,0,0,1,1,55,1,3,11608.98929
1745,1,1,0,1,0,0,0,1,52,4,1,10409.37857
1746,1,0,1,0,0,1,0,1,51,3,2,9088.079643
1747,1,0,0,0,1,1,0,1,55,4,1,10585.66429
1748,1,1,1,0,0,0,0,1,52,6,3,7823.797143
1749,1,1,0,0,1,0,0,1,53,4,1,10957.07143
1750,1,1,1,0,0,0,0,1,54,5,6,11262.07857
1751,1,0,0,0,1,1,0,1,50,2,3,8771.175714
1752,1,0,0,0,1,1,0,1,52,1,1,9588.0225
1753,1,1,1,0,0,0,0,1,51,6,1,7673.936786
1754,1,1,1,0,0,0,0,1,50,4,2,9611.813571
1755,1,0,1,0,0,1,0,1,53,3,2,9874.487143
1756,1,0,1,0,0,1,0,1,55,3,2,10554.38214
1757,1,1,0,1,0,0,0,1,51,6,3,10025.20179
1758,1,1,0,0,1,0,0,1,52,1,4,10674.40714
1759,1,1,0,1,0,0,0,1,55,4,0,11782.06071
1760,1,1,0,0,0,0,1,1,54,1,4,11325.12857
1761,1,1,0,0,0,0,1,1,54,0,6,13990.83571
1762,1,1,0,1,0,0,0,1,54,4,3,11278.07143
1763,1,1,0,1,0,0,0,1,50,5,2,7281.7525
1764,1,1,0,1,0,0,0,1,51,2,0,10058.47
1765,1,1,0,1,0,0,0,1,54,1,2,11184.14643
1766,1,0,0,1,0,1,0,1,54,1,2,10341.69643
1767,1,1,0,0,1,0,0,1,55,0,4,14498.26786
1768,1,0,1,0,0,1,0,1,51,1,3,11578.15
1769,1,1,0,1,0,0,0,1,50,3,5,9706.444286
1770,1,1,0,0,0,0,1,1,53,6,1,8173.238214
1771,1,0,1,0,0,1,0,1,53,4,1,10081.95643
1772,1,1,0,0,0,0,1,1,55,3,2,11593.43571
1773,1,0,1,0,0,1,0,1,54,5,6,10356.23929
1774,1,1,0,0,0,0,1,1,53,5,3,8091.986786
1775,1,1,0,1,0,0,0,1,50,3,0,9692.283571
1776,1,0,0,0,1,1,0,1,53,2,2,9834.140714
1777,1,1,0,1,0,0,0,1,52,4,3,10469.44643
1778,1,1,0,0,1,0,0,1,54,2,2,11214.42857
1779,1,0,1,0,0,1,0,1,54,6,1,10355.425
1780,1,0,0,0,1,1,0,1,52,5,2,9580.1575
1781,1,1,0,0,1,0,0,1,50,5,6,9700.518571
1782,1,1,0,1,0,0,0,1,54,3,2,11351.98571
1783,1,1,0,0,1,0,0,1,52,0,6,13144.64286
1784,1,1,0,0,0,0,1,1,55,1,5,11712.83214
1785,1,0,0,1,0,1,0,1,52,4,4,9616.897143
1786,1,0,1,0,0,1,0,1,55,0,4,15837.32857
1787,1,0,0,0,1,1,0,1,51,1,4,7137.621786
1788,1,1,0,0,0,0,1,1,55,3,1,11626.11071
1789,1,0,0,0,1,1,0,1,52,6,0,7223.750357
1790,1,0,0,0,0,1,1,1,50,4,4,6716.220714
1791,1,0,0,0,1,1,0,1,53,4,6,9833.401071
1792,1,0,0,0,0,1,1,1,51,6,2,6835.28
1793,1,0,1,0,0,1,0,1,55,5,1,10632.78571
1794,1,0,1,0,0,1,0,1,52,3,0,9578.096429
1795,1,1,1,0,0,0,0,1,54,0,5,16839.80714
1796,1,1,1,0,0,0,0,1,54,3,4,11177.11786
1797,1,0,0,0,0,1,1,1,50,4,2,6697.9525
1798,1,0,0,0,1,1,0,1,50,0,6,7028.714286
1799,1,0,0,0,1,1,0,1,55,0,1,18745.06071
1800,1,1,1,0,0,0,0,1,55,3,5,11684.10714
1801,1,0,0,0,0,1,1,1,54,3,5,10260.35714
1802,1,1,0,0,1,0,0,1,51,5,2,9980.368571
1803,1,0,0,1,0,1,0,1,52,4,1,9734.433214
1804,1,0,0,0,1,1,0,1,50,5,6,8781.767143
1805,1,1,0,0,0,0,1,1,50,6,6,7197.618929
1806,1,1,1,0,0,0,0,1,55,6,3,11739.84286
1807,1,0,0,0,1,1,0,1,54,2,5,10238.06786
1808,1,0,0,0,1,1,0,1,51,0,6,9255.417857
1809,1,1,0,0,0,0,1,1,53,3,6,8276.780714
1810,1,1,0,1,0,0,0,1,50,3,4,9590.950357
1811,1,0,0,0,1,1,0,1,50,6,2,6713.912143
1812,1,0,1,0,0,1,0,1,55,2,2,10576.28571
1813,1,1,0,0,0,0,1,1,53,1,6,10930.47857
1814,1,0,0,0,1,1,0,1,54,4,5,10194.81429
1815,1,0,0,1,0,1,0,1,52,6,6,7329.337857
1816,1,1,1,0,0,0,0,1,55,0,3,20278.825
1817,1,1,0,0,1,0,0,1,50,2,3,9699.654286
1818,1,1,0,0,1,0,0,1,53,2,1,8322.647857
1819,1,1,1,0,0,0,0,1,55,4,4,11613.06071
1820,1,1,1,0,0,0,0,1,51,1,6,10009.11679
1821,1,1,0,1,0,0,0,1,51,4,6,7520.615
1822,1,1,0,0,1,0,0,1,52,2,4,10505.22857
1823,1,0,1,0,0,1,0,1,51,0,5,13663.81786
1824,1,1,0,0,1,0,0,1,52,4,1,7849.4875
1825,1,0,1,0,0,1,0,1,55,2,0,13315.97857
1826,1,0,1,0,0,1,0,1,53,4,2,10000.27679
1827,1,1,0,0,0,0,1,1,54,0,3,14026.46786
1828,1,0,0,0,0,1,1,1,53,3,1,10194.26393
1829,1,0,0,0,1,1,0,1,50,3,2,6602.7475
1830,1,1,0,1,0,0,0,1,54,5,0,11347.84643
1831,1,0,1,0,0,1,0,1,50,1,6,8770.6525
1832,1,0,0,1,0,1,0,1,54,0,6,15573.56429
1833,1,1,0,1,0,0,0,1,51,5,2,9986.170357
1834,1,1,0,0,0,0,1,1,54,6,6,8395.993571
1835,1,1,0,1,0,0,0,1,51,6,2,7564.168214
1836,1,1,0,1,0,0,0,1,51,6,4,7648.372857
1837,1,1,0,1,0,0,0,1,51,1,1,12473.90714
1838,1,0,0,1,0,1,0,1,50,1,4,8936.5375
1839,1,1,0,0,1,0,0,1,54,5,5,11214.44286
1840,1,1,1,0,0,0,0,1,54,4,2,11295.125
1841,1,0,0,0,0,1,1,1,53,5,2,7654.031786
1842,1,1,0,1,0,0,0,1,53,2,2,10833.47857
1843,1,0,0,1,0,1,0,1,53,1,6,9898.479643
1844,1,0,0,0,0,1,1,1,53,5,5,7459.024286
1845,1,1,0,0,1,0,0,1,52,3,6,8022.623571
1846,1,0,0,0,0,1,1,1,55,2,5,10709.87143
1847,1,0,1,0,0,1,0,1,53,6,0,10019.95071
1848,1,1,0,1,0,0,0,1,51,1,5,10049.67071
1849,1,1,1,0,0,0,0,1,51,6,4,7522.408929
1850,1,1,1,0,0,0,0,1,53,6,4,10874.26786
1851,1,0,0,1,0,1,0,1,53,2,2,9995.302857
1852,1,0,1,0,0,1,0,1,53,6,6,10147.825
1853,1,0,1,0,0,1,0,1,51,2,4,9236.039286
1854,1,1,0,0,0,0,1,1,50,1,6,9811.640714
1855,1,1,0,0,1,0,0,1,55,6,5,11746.125
1856,1,1,1,0,0,0,0,1,54,1,3,14219.95714
1857,1,1,0,0,0,0,1,1,53,2,0,10864.46429
1858,1,1,0,0,0,0,1,1,50,6,0,7264.224286
1859,1,0,0,0,1,1,0,1,55,6,1,10663.775
1860,1,0,1,0,0,1,0,1,54,1,2,12776.875
1861,1,0,1,0,0,1,0,1,55,0,5,15853.075
1862,1,1,0,1,0,0,0,1,52,3,0,10492.16071
1863,1,0,1,0,0,1,0,1,50,5,5,6590.012143
1864,1,0,0,1,0,1,0,1,55,3,3,10630.63214
1865,1,0,0,0,0,1,1,1,55,0,4,13226.20714
1866,1,1,1,0,0,0,0,1,50,0,3,14526.26786
1867,1,1,0,0,0,0,1,1,55,3,3,11816.925
1868,1,1,0,0,0,0,1,1,51,3,3,10071.21071
1869,1,1,1,0,0,0,0,1,51,6,5,7702.187143
1870,1,1,1,0,0,0,0,1,53,2,5,10835.54643
1871,1,0,0,1,0,1,0,1,50,2,0,8843.53
1872,1,1,0,0,1,0,0,1,51,4,6,7640.78
1873,1,1,0,1,0,0,0,1,52,3,1,10617.29286
1874,1,1,0,0,0,0,1,1,51,1,4,9958.1825
1875,1,1,0,1,0,0,0,1,51,6,5,7499.150357
1876,1,1,0,0,1,0,0,1,50,5,3,9606.049643
1877,1,0,0,1,0,1,0,1,50,3,5,8901.996429
1878,1,0,1,0,0,1,0,1,53,5,3,10071.76321
1879,1,0,0,1,0,1,0,1,54,6,5,7910.7675
1880,1,0,0,0,0,1,1,1,52,2,4,9873.564286
1881,1,1,0,1,0,0,0,1,54,1,3,11272.53571
1882,1,1,0,0,1,0,0,1,54,5,1,11172.025
1883,1,0,0,0,1,1,0,1,53,6,3,9834.677857
1884,1,0,0,1,0,1,0,1,55,0,6,13298.95
1885,1,0,0,0,0,1,1,1,54,5,3,7699.782857
1886,1,0,0,0,1,1,0,1,54,3,3,10173.76429
1887,1,0,0,0,1,1,0,1,50,2,4,8930.216786
1888,1,1,0,1,0,0,0,1,54,2,5,11362.82857
1889,1,0,1,0,0,1,0,1,50,1,0,26361.95357
1890,1,1,1,0,0,0,0,1,52,2,2,10471.23929
1891,1,1,0,1,0,0,0,1,52,0,3,15859.9
1892,1,0,0,0,0,1,1,1,53,1,0,19852.66429
1893,1,1,0,0,1,0,0,1,55,3,2,11592.97857
1894,1,0,1,0,0,1,0,1,54,2,2,10256.27857
1895,1,0,1,0,0,1,0,1,51,1,4,11358.73929
1896,1,0,0,1,0,1,0,1,55,0,4,15971.89286
1897,1,0,1,0,0,1,0,1,54,3,3,10308.77857
1898,1,0,0,1,0,1,0,1,52,3,0,9813.0375
1899,1,1,0,0,0,0,1,1,55,5,2,8848.597857
1900,1,0,0,0,0,1,1,1,55,1,3,10788.20357
1901,1,1,0,1,0,0,0,1,50,3,2,9812.064286
1902,1,1,0,0,1,0,0,1,53,5,3,10953.07143
1903,1,1,0,0,1,0,0,1,54,5,0,11377.42143
1904,1,0,0,0,0,1,1,1,54,5,1,10380.525
1905,1,1,1,0,0,0,0,1,54,2,0,14073.675
1906,1,1,0,1,0,0,0,1,52,1,5,10459.42857
1907,1,0,0,0,1,1,0,1,53,2,0,10013.13357
1908,1,0,0,0,1,1,0,1,51,0,3,9301.274286
1909,1,1,1,0,0,0,0,1,51,3,1,10021.59464
1910,1,1,1,0,0,0,0,1,50,4,1,9680.758929
1911,1,0,0,0,1,1,0,1,53,5,3,9868.681429
1912,1,1,0,0,1,0,0,1,54,3,0,11276.57857
1913,1,0,0,0,1,1,0,1,54,1,5,10216.56786
1914,1,1,1,0,0,0,0,1,54,4,3,11205.12143
1915,1,0,1,0,0,1,0,1,54,3,6,10479.28571
1916,1,0,0,0,1,1,0,1,54,0,3,12829.96429
1917,1,0,0,0,0,1,1,1,52,2,1,9637.192143
1918,1,0,0,0,0,1,1,1,51,4,2,9140.502143
1919,1,1,0,0,0,0,1,1,54,1,2,14157.30714
1920,1,0,0,1,0,1,0,1,50,4,2,8938.154643
1921,1,0,0,0,1,1,0,1,55,0,2,10947.9
1922,1,1,0,1,0,0,0,1,53,2,1,10867.42857
1923,1,1,0,0,0,0,1,1,52,0,4,13044.10357
1924,1,0,1,0,0,1,0,1,54,2,6,10379.77857
1925,1,1,1,0,0,0,0,1,51,0,4,14951.04643
1926,1,0,0,0,0,1,1,1,52,4,5,7541.515
1927,1,1,0,1,0,0,0,1,50,3,1,9622.930357
1928,1,1,0,0,0,0,1,1,50,5,1,7237.463571
1929,1,0,0,0,1,1,0,1,55,5,0,10659.275
1930,1,1,1,0,0,0,0,1,50,1,5,9722.741786
1931,1,0,0,1,0,1,0,1,50,1,5,8880.063929
1932,1,0,0,0,1,1,0,1,54,2,4,10247.66429
1933,1,1,0,0,1,0,0,1,51,3,6,7614.553214
1934,1,0,0,0,1,1,0,1,51,1,2,9262.19
1935,1,1,0,0,0,0,1,1,52,1,2,10508.13214
1936,1,1,0,0,0,0,1,1,54,2,1,11194.79643
1937,1,1,0,1,0,0,0,1,52,5,2,10450.35
1938,1,1,0,0,0,0,1,1,55,6,3,8780.5575
1939,1,0,1,0,0,1,0,1,51,6,3,6875.321786
1940,1,1,0,0,1,0,0,1,55,6,6,11682.825
1941,1,1,0,1,0,0,0,1,50,0,2,12156.51786
1942,1,1,0,1,0,0,0,1,50,0,1,19228.01429
1943,1,1,0,0,1,0,0,1,50,1,2,7431.131071
1944,1,0,0,1,0,1,0,1,52,3,2,9697.493214
1945,1,0,0,1,0,1,0,1,54,2,0,10310.41786
1946,1,0,0,0,0,1,1,1,54,2,3,10419.75357
1947,1,1,0,0,0,0,1,1,55,6,5,8846.501429
1948,1,1,1,0,0,0,0,1,54,6,1,11257.34286
1949,1,0,0,0,0,1,1,1,50,6,4,6635.813929
1950,1,0,0,0,1,1,0,1,51,3,0,6919.126429
1951,1,0,0,1,0,1,0,1,50,0,1,17656.00714
1952,1,0,0,0,1,1,0,1,51,0,2,9175.099643
1953,1,1,1,0,0,0,0,1,55,0,1,52191.73929
1954,1,1,0,0,1,0,0,1,55,6,4,11656.67143
1955,1,0,0,0,1,1,0,1,55,4,0,10571.13929
1956,1,0,0,1,0,1,0,1,54,0,5,15560.66429
1957,1,0,0,0,0,1,1,1,50,2,0,8760.0275
1958,1,1,0,1,0,0,0,1,53,1,3,10877.54286
1959,1,1,0,0,1,0,0,1,52,3,2,8113.378571
1960,1,1,0,0,0,0,1,1,52,0,2,13157.59643
1961,1,1,0,0,1,0,0,1,55,4,6,11735.69286
1962,1,1,0,0,0,0,1,1,53,3,2,10992.32857
1963,1,1,0,1,0,0,0,1,54,3,1,11357.05714
1964,1,1,1,0,0,0,0,1,54,6,6,11203.85714
1965,1,1,0,0,1,0,0,1,50,0,5,9735.639643
1966,1,0,0,0,0,1,1,1,51,4,1,9076.506429
1967,1,1,0,0,1,0,0,1,51,0,6,7627.106786
1968,1,0,0,0,1,1,0,1,52,4,4,7320.775
1969,1,0,0,0,0,1,1,1,52,1,6,9598.019643
1970,1,1,0,0,0,0,1,1,55,5,6,8738.502143
1971,1,0,0,0,0,1,1,1,55,4,0,10586.73929
1972,1,1,1,0,0,0,0,1,54,2,1,11299.88571
1973,1,1,0,0,1,0,0,1,50,6,3,9619.915
1974,1,0,0,0,1,1,0,1,51,0,1,13682.725
1975,1,1,1,0,0,0,0,1,50,1,6,9668.301071
1976,1,0,0,0,1,1,0,1,51,4,3,9256.266429
1977,1,0,0,1,0,1,0,1,51,5,1,9233.527143
1978,1,1,0,1,0,0,0,1,50,2,2,9607.201786
1979,1,0,0,0,0,1,1,1,52,1,4,9612.325
1980,1,0,0,1,0,1,0,1,50,4,5,6707.409643
1981,1,0,0,0,1,1,0,1,52,3,0,8849.413571
1982,1,0,0,1,0,1,0,1,51,5,3,9321.800714
1983,1,1,0,1,0,0,0,1,55,4,4,11633.68929
1984,1,0,1,0,0,1,0,1,50,4,3,8878.756429
1985,1,0,0,0,1,1,0,1,53,6,4,9829.940357
1986,1,1,0,0,1,0,0,1,54,6,1,11205.28929
1987,1,1,0,0,1,0,0,1,55,0,5,14644.30357
1988,1,0,0,0,0,1,1,1,54,4,1,10459.24643
1989,1,1,1,0,0,0,0,1,52,3,4,10547.38929
1990,1,0,1,0,0,1,0,1,55,1,3,13214.51429
1991,1,1,0,0,0,0,1,1,53,1,1,13434.27143
1992,1,1,0,0,0,0,1,1,53,3,4,10786.34286
1993,1,0,0,1,0,1,0,1,50,2,5,8812.811429
1994,1,0,0,1,0,1,0,1,55,5,1,10694.47857
1995,1,1,0,1,0,0,0,1,54,6,0,11299.1
1996,1,1,1,0,0,0,0,1,50,1,2,12004.60714
1997,1,0,1,0,0,1,0,1,53,5,5,9982.607857
1998,1,0,1,0,0,1,0,1,50,0,2,13195.07143
1999,1,1,0,0,0,0,1,1,51,1,1,12465.53214
2000,1,0,1,0,0,1,0,1,50,4,2,8750.880357
2001,1,0,0,0,1,1,0,1,50,3,0,4545.783214
2002,1,1,0,1,0,0,0,1,53,3,0,10975.36429
2003,1,1,0,0,1,0,0,1,54,6,3,11256.62857
2004,1,0,1,0,0,1,0,1,55,5,6,10559.58929
2005,1,1,1,0,0,0,0,1,54,3,0,11226.41786
2006,1,1,1,0,0,0,0,1,55,5,4,11708.53571
2007,1,1,1,0,0,0,0,1,51,3,3,10045.92786
2008,1,1,1,0,0,0,0,1,54,4,1,11243.825
2009,1,0,1,0,0,1,0,1,55,6,2,10563.37143
2010,1,1,1,0,0,0,0,1,53,6,5,10786.88571
2011,1,0,0,1,0,1,0,1,52,6,0,9600.470714
2012,1,1,0,0,0,0,1,1,50,4,4,7236.550357
2013,1,1,1,0,0,0,0,1,52,6,5,7822.937857
2014,1,0,0,1,0,1,0,1,55,6,4,10757.12143
2015,1,0,1,0,0,1,0,1,50,1,2,10929.52143
2016,1,0,0,0,0,1,1,1,55,2,3,10640.22857
2017,1,0,0,1,0,1,0,1,55,6,1,10730.37143
2018,1,1,1,0,0,0,0,1,51,4,0,10047.115
2019,1,0,0,1,0,1,0,1,54,4,6,10343.99286
2020,1,1,0,0,1,0,0,1,52,2,1,10423.55
2021,1,0,0,0,1,1,0,1,50,2,5,8923.649643
2022,1,0,0,0,0,1,1,1,55,5,5,8079.199286
2023,1,0,1,0,0,1,0,1,55,2,1,10611.72143
2024,1,0,0,0,1,1,0,1,50,1,6,6751.392857
2025,1,0,0,0,1,1,0,1,55,5,2,10752.79643
2026,1,1,0,0,0,0,1,1,52,6,1,7874.146786
2027,1,0,0,0,0,1,1,1,55,4,5,7988.225357
2028,1,0,0,1,0,1,0,1,51,2,0,9132.968571
2029,1,0,0,1,0,1,0,1,55,4,5,10671.76786
2030,1,0,0,0,0,1,1,1,50,1,3,8796.4125
2031,1,1,0,0,0,0,1,1,52,2,2,10471
2032,1,1,0,1,0,0,0,1,55,1,1,14474.53214
2033,1,0,0,0,1,1,0,1,51,4,2,9181.253571
2034,1,0,1,0,0,1,0,1,55,5,3,10583.53929
2035,1,0,1,0,0,1,0,1,55,0,1,58091.44643
2036,1,1,1,0,0,0,0,1,50,2,2,9596.149643
2037,1,1,1,0,0,0,0,1,51,2,1,10247.73143
2038,1,0,0,1,0,1,0,1,54,3,5,10320.4
2039,1,0,0,0,1,1,0,1,53,4,2,9970.210357
2040,1,1,0,0,1,0,0,1,52,1,1,13174.08929
2041,1,0,0,1,0,1,0,1,53,0,3,12336.37857
2042,1,0,0,1,0,1,0,1,54,3,1,10364.75714
2043,1,1,0,0,0,0,1,1,52,0,5,13307.13214
2044,1,1,1,0,0,0,0,1,53,3,2,10919.32143
2045,1,1,0,1,0,0,0,1,52,3,3,10402.34286
2046,1,0,1,0,0,1,0,1,52,2,2,9848.327143
2047,1,1,1,0,0,0,0,1,52,2,1,10498.7
2048,1,1,0,0,1,0,0,1,54,5,6,11264.71429
2049,1,0,0,0,1,1,0,1,54,2,3,10211.05357
2050,1,0,1,0,0,1,0,1,55,3,4,10632.30714
2051,1,1,0,0,1,0,0,1,51,5,4,7603.9575
2052,1,1,0,1,0,0,0,1,51,0,1,20116.15357
2053,1,1,0,0,0,0,1,1,53,5,6,8155.868571
2054,1,1,0,0,0,0,1,1,52,1,0,21155.97857
2055,1,1,0,0,1,0,0,1,54,4,5,11219.03571
2056,1,1,1,0,0,0,0,1,55,2,2,11570.85
2057,1,1,1,0,0,0,0,1,55,3,1,11674.52857
2058,1,1,1,0,0,0,0,1,51,5,6,7508.271429
2059,1,0,0,1,0,1,0,1,52,6,3,7346.123571
2060,1,0,0,0,0,1,1,1,52,3,2,9680.236071
2061,1,1,0,0,0,0,1,1,54,0,5,14031.84643
2062,1,1,0,0,0,0,1,1,50,0,2,12156.21786
2063,1,0,0,1,0,1,0,1,51,2,3,9144.373214
2064,1,1,0,0,0,0,1,1,50,2,5,9600.464286
2065,1,0,0,0,0,1,1,1,53,4,1,10094.2975
2066,1,1,0,0,1,0,0,1,51,6,2,10148.93143
2067,1,0,1,0,0,1,0,1,55,2,4,10547.31071
2068,1,0,0,1,0,1,0,1,50,4,1,8971.338214
2069,1,0,0,0,1,1,0,1,55,1,2,13218.49643
2070,1,0,0,0,0,1,1,1,53,5,3,7765.744286
2071,1,1,0,0,0,0,1,1,52,2,3,10482.19286
2072,1,0,1,0,0,1,0,1,53,5,2,9864.553929
2073,1,1,1,0,0,0,0,1,50,4,6,7382.656786
2074,1,0,1,0,0,1,0,1,53,5,6,9954.515
2075,1,1,1,0,0,0,0,1,55,3,4,11671.46071
2076,1,1,0,1,0,0,0,1,55,4,5,11702.50357
2077,1,0,0,0,0,1,1,1,51,6,5,6915.614286
2078,1,0,0,1,0,1,0,1,54,1,4,10264.4
2079,1,0,1,0,0,1,0,1,51,1,1,11472.70357
2080,1,1,0,0,1,0,0,1,53,2,5,10883.48214
2081,1,0,0,0,0,1,1,1,53,6,1,7714.516071
2082,1,1,1,0,0,0,0,1,51,5,4,7526.447143
2083,1,0,0,1,0,1,0,1,53,4,2,9898.455714
2084,1,0,0,0,0,1,1,1,54,6,1,8059.267143
2085,1,0,1,0,0,1,0,1,50,6,3,6823.233929
2086,1,0,1,0,0,1,0,1,51,0,4,13616.66071
2087,1,1,1,0,0,0,0,1,50,2,1,9704.628929
2088,1,0,0,0,0,1,1,1,52,0,3,12008.78214
2089,1,0,0,0,1,1,0,1,53,3,3,9846.766071
2090,1,1,0,1,0,0,0,1,54,3,4,11248.63929
2091,1,0,1,0,0,1,0,1,52,3,6,9965.593929
2092,1,0,0,1,0,1,0,1,55,5,0,10745.72857
2093,1,1,0,0,1,0,0,1,55,0,2,14555.56071
2094,1,0,0,0,0,1,1,1,52,4,4,7641.917857
2095,1,1,0,0,1,0,0,1,52,6,6,10491.32857
2096,1,1,0,0,0,0,1,1,55,5,3,8961.708571
2097,1,0,0,0,0,1,1,1,52,5,4,7198.210714
2098,1,0,0,0,0,1,1,1,50,0,3,10976.74286
2099,1,0,0,0,1,1,0,1,50,4,1,6793.590357
2100,1,1,0,1,0,0,0,1,51,3,3,10028.37607
2101,1,0,0,0,1,1,0,1,52,6,2,7220.901786
2102,1,1,0,0,0,0,1,1,54,3,4,11384.54643
2103,1,0,1,0,0,1,0,1,50,0,4,13292.52143
2104,1,1,0,1,0,0,0,1,52,5,0,10446.60357
2105,1,1,1,0,0,0,0,1,51,1,3,12524.90714
2106,1,1,0,0,1,0,0,1,55,1,5,14664.16786
2107,1,1,0,0,1,0,0,1,54,1,4,14143.36429
2108,1,0,0,0,0,1,1,1,51,0,6,9229.037857
2109,1,0,0,0,1,1,0,1,52,3,2,9597.754643
2110,1,1,0,0,1,0,0,1,52,6,2,10434.86786
2111,1,1,0,0,1,0,0,1,52,5,4,7915.478571
2112,1,1,0,0,0,0,1,1,50,5,3,7257.724643
2113,1,0,0,1,0,1,0,1,52,3,5,9552.986786
2114,1,0,0,0,0,1,1,1,51,1,4,9336.511071
2115,1,0,1,0,0,1,0,1,50,5,4,6831.700357
2116,1,1,0,1,0,0,0,1,55,3,1,11630.21786
2117,1,1,0,1,0,0,0,1,50,0,6,12044.20357
2118,1,1,1,0,0,0,0,1,50,6,1,7337.192143
2119,1,0,0,0,0,1,1,1,52,3,1,9597.340714
2120,1,1,0,0,0,0,1,1,53,6,6,8223.383929
2121,1,1,0,1,0,0,0,1,53,3,2,10847.80714
2122,1,0,0,0,1,1,0,1,50,3,5,8805.536786
2123,1,1,1,0,0,0,0,1,52,5,5,7817.7825
2124,1,0,0,0,0,1,1,1,55,6,2,7909.315
2125,1,1,1,0,0,0,0,1,55,4,2,11592.96429
2126,1,1,1,0,0,0,0,1,55,6,1,11582.95714
2127,1,0,0,0,0,1,1,1,51,4,3,6900.5525
2128,1,1,0,1,0,0,0,1,54,4,0,11326.84643
2129,1,0,1,0,0,1,0,1,51,5,6,7019.149286
2130,1,1,0,0,1,0,0,1,55,5,2,11590.92857
2131,1,0,0,1,0,1,0,1,51,3,5,9179.054643
2132,1,0,0,0,0,1,1,1,50,6,2,6567.896429
2133,1,0,1,0,0,1,0,1,52,0,1,40790.80714
2134,1,1,0,1,0,0,0,1,52,1,6,10503.025
2135,1,0,0,1,0,1,0,1,53,1,1,12590.63214
2136,1,0,0,1,0,1,0,1,55,3,2,10883.81429
2137,1,1,0,0,1,0,0,1,52,1,5,10425.5
2138,1,0,0,1,0,1,0,1,51,0,5,11562.32143
2139,1,1,0,0,1,0,0,1,54,4,2,11240.06786
2140,1,0,0,0,1,1,0,1,55,3,5,10642.36071
2141,1,1,0,0,1,0,0,1,50,4,2,7304.731786
2142,1,0,0,1,0,1,0,1,55,1,4,10657.68571
2143,1,0,0,1,0,1,0,1,53,5,5,9907.316429
2144,1,0,1,0,0,1,0,1,54,2,4,10470.91786
2145,1,0,0,1,0,1,0,1,51,1,0,18348.80357
2146,1,1,0,0,1,0,0,1,53,6,5,10859.62857
2147,1,1,1,0,0,0,0,1,51,5,3,10037.49893
2148,1,1,0,0,0,0,1,1,53,0,6,13651.43214
2149,1,1,0,0,1,0,0,1,51,2,4,7941.311786
2150,1,0,0,0,0,1,1,1,55,4,1,10643.34643
2151,1,1,0,1,0,0,0,1,51,0,3,12560.39286
2152,1,0,0,0,1,1,0,1,53,5,0,9893.648929
2153,1,0,1,0,0,1,0,1,52,2,5,9645.619643
2154,1,1,1,0,0,0,0,1,53,2,6,10825.125
2155,1,1,1,0,0,0,0,1,51,2,6,9973.781786
2156,1,0,0,1,0,1,0,1,50,5,1,6694.724643
2157,1,0,0,0,0,1,1,1,51,4,6,6929.080357
2158,1,1,0,0,1,0,0,1,52,4,2,10544.56429
2159,1,1,0,0,1,0,0,1,50,1,4,12126.27857
2160,1,1,1,0,0,0,0,1,54,5,3,11312.33571
2161,1,0,0,0,0,1,1,1,51,2,5,9161.818214
2162,1,1,1,0,0,0,0,1,51,0,5,14988.51786
2163,1,0,0,0,0,1,1,1,54,3,0,10184.95357
2164,1,0,0,0,1,1,0,1,55,5,6,10702.33214
2165,1,1,0,1,0,0,0,1,54,3,5,11254.40357
2166,1,1,0,0,1,0,0,1,51,2,2,7577.3125
2167,1,1,1,0,0,0,0,1,53,5,3,10784.71786
2168,1,1,0,1,0,0,0,1,53,0,2,13505.30357
2169,1,0,0,0,1,1,0,1,54,6,2,10192.35357
2170,1,0,1,0,0,1,0,1,54,1,1,13082.99643
2171,1,0,0,0,0,1,1,1,53,4,2,10200.97679
2172,1,1,0,0,0,0,1,1,53,5,4,8172.819643
2173,1,1,1,0,0,0,0,1,54,5,0,11227.21429
2174,1,1,0,0,1,0,0,1,55,4,5,11594.725
2175,1,0,0,0,1,1,0,1,54,0,6,12778.475
2176,1,1,1,0,0,0,0,1,54,2,6,11237.63571
2177,1,0,0,0,1,1,0,1,52,3,3,7479.233571
2178,1,0,0,1,0,1,0,1,54,1,1,13006.175
2179,1,0,0,0,0,1,1,1,50,3,0,8862.484286
2180,1,0,1,0,0,1,0,1,52,3,2,9686.2425
2181,1,1,1,0,0,0,0,1,51,5,5,7498.959643
2182,1,0,0,0,1,1,0,1,54,2,1,10203.98929
2183,1,0,1,0,0,1,0,1,55,5,2,10630.53214
2184,1,1,0,0,0,0,1,1,51,5,3,7463.990714
2185,1,0,1,0,0,1,0,1,52,0,2,17041.36071
2186,1,1,0,0,0,0,1,1,53,1,0,21707.62857
2187,1,0,0,1,0,1,0,1,54,4,2,10351.81429
2188,1,1,0,0,1,0,0,1,55,1,1,14515.2
2189,1,1,0,0,1,0,0,1,55,3,6,11673.53214
2190,1,0,1,0,0,1,0,1,51,5,2,9084.885357
2191,1,0,0,0,1,1,0,1,54,4,0,10293.43929
2192,1,0,1,0,0,1,0,1,52,4,4,9814.731071
2193,1,0,0,0,0,1,1,1,52,1,1,12343.79643
2194,1,0,0,1,0,1,0,1,50,6,6,6741.750714
2195,1,0,0,1,0,1,0,1,54,3,2,10284.51429
2196,1,0,0,0,0,1,1,1,52,1,2,9844.833571
2197,1,1,0,0,0,0,1,1,53,2,6,10810.48929
2198,1,1,0,0,1,0,0,1,54,0,6,14171.43571
2199,1,1,0,1,0,0,0,1,51,5,1,10051.18143
2200,1,1,0,1,0,0,0,1,52,0,4,13023.08929
2201,1,1,0,0,1,0,0,1,50,2,1,7395.055
2202,1,1,0,0,1,0,0,1,50,6,6,9718.527857
2203,1,0,0,0,1,1,0,1,55,3,3,10622.79643
2204,1,0,0,0,1,1,0,1,55,6,5,10813.64286
2205,1,1,1,0,0,0,0,1,54,0,2,19801.98571
2206,1,1,0,0,0,0,1,1,51,5,5,7491.547143
2207,1,0,0,1,0,1,0,1,51,2,6,9232.935
2208,1,0,0,0,0,1,1,1,54,3,2,10399.86071
2209,1,0,0,0,1,1,0,1,51,6,2,9158.232143
2210,1,1,0,0,1,0,0,1,52,2,2,10417.96786
2211,1,1,0,0,0,0,1,1,54,0,4,14204.975
2212,1,0,0,0,1,1,0,1,55,5,4,10613.01786
2213,1,1,0,0,0,0,1,1,55,2,3,11663.28214
2214,1,0,0,1,0,1,0,1,51,3,6,9405.4475
2215,1,1,0,1,0,0,0,1,50,3,3,9634.402143
2216,1,1,0,0,1,0,0,1,51,1,5,7614.973214
2217,1,0,0,0,0,1,1,1,53,4,5,7530.777857
2218,1,0,1,0,0,1,0,1,51,4,6,6828.976429
2219,1,0,1,0,0,1,0,1,55,6,6,10742.74643
2220,1,0,1,0,0,1,0,1,51,6,0,6888.656429
2221,1,0,0,1,0,1,0,1,53,0,4,14909.83571
2222,1,1,1,0,0,0,0,1,54,0,3,16923.76786
2223,1,1,0,0,0,0,1,1,50,4,0,9903.421429
2224,1,1,0,1,0,0,0,1,51,2,2,10095.38536
2225,1,1,0,1,0,0,0,1,51,1,0,20062.48929
2226,1,1,1,0,0,0,0,1,50,5,1,7279.720714
2227,1,0,0,0,0,1,1,1,54,1,3,10237.56071
2228,1,1,1,0,0,0,0,1,53,1,1,13661.47857
2229,1,0,0,0,1,1,0,1,53,0,5,12302.025
2230,1,0,0,1,0,1,0,1,54,2,2,10335.92857
2231,1,0,0,1,0,1,0,1,52,5,2,9728.432143
2232,1,1,0,1,0,0,0,1,55,3,4,11613.78571
2233,1,1,0,1,0,0,0,1,53,4,2,10851.35357
2234,1,1,1,0,0,0,0,1,51,3,5,10247.77679
2235,1,1,1,0,0,0,0,1,52,0,3,15637.19643
2236,1,1,0,0,0,0,1,1,50,1,2,9671.256429
2237,1,1,0,1,0,0,0,1,53,6,3,10919.47143
2238,1,1,1,0,0,0,0,1,55,5,1,11864.84643
2239,1,1,0,1,0,0,0,1,51,0,5,12620.76429
2240,1,0,0,1,0,1,0,1,52,2,5,9601.193929
2241,1,0,0,0,0,1,1,1,52,6,3,7210.3925
2242,1,0,0,0,1,1,0,1,54,1,6,10275.05
2243,1,1,0,0,0,0,1,1,51,2,4,10092.46786
2244,1,1,0,0,1,0,0,1,51,6,5,7571.193929
2245,1,0,0,0,1,1,0,1,55,6,0,10611.18929
2246,1,0,0,0,0,1,1,1,54,4,6,7773.2525
2247,1,1,0,0,1,0,0,1,53,6,2,10878.73571
2248,1,0,0,0,0,1,1,1,54,1,1,12796.30357
2249,1,1,0,0,0,0,1,1,52,3,5,7818.290714
2250,1,1,0,0,1,0,0,1,53,5,2,10895.84286
2251,1,1,1,0,0,0,0,1,50,3,4,9865.916071
2252,1,0,0,0,1,1,0,1,50,6,6,8814.783214
2253,1,1,0,0,0,0,1,1,53,0,3,13464.81429
2254,1,0,0,0,1,1,0,1,50,2,6,8825.101071
2255,1,1,1,0,0,0,0,1,54,5,5,11316.25357
2256,1,0,0,0,1,1,0,1,51,4,1,9074.508571
2257,1,1,0,0,0,0,1,1,53,0,2,13752.06429
2258,1,0,1,0,0,1,0,1,52,6,1,7454.380357
2259,1,1,0,0,1,0,0,1,53,1,1,13501.74286
2260,1,1,1,0,0,0,0,1,55,0,5,17394.66071
2261,1,0,0,1,0,1,0,1,50,1,6,8831.901429
2262,1,1,0,1,0,0,0,1,52,6,6,7955.101786
2263,1,1,1,0,0,0,0,1,55,1,6,14540.73571
2264,1,0,0,1,0,1,0,1,54,5,5,7707.102143
2265,1,1,0,1,0,0,0,1,50,6,4,7299.777143
2266,1,1,1,0,0,0,0,1,50,6,4,7341.040714
2267,1,0,0,1,0,1,0,1,53,0,2,12342.11786
2268,1,1,1,0,0,0,0,1,52,6,2,7815.861786
2269,1,0,0,1,0,1,0,1,51,2,4,9246.806429
2270,1,0,1,0,0,1,0,1,50,6,2,6595.388214
2271,1,0,1,0,0,1,0,1,53,3,3,9969.368214
2272,1,0,0,1,0,1,0,1,53,0,1,19767.12143
2273,1,0,0,0,0,1,1,1,55,4,4,7905.217857
2274,1,0,0,0,0,1,1,1,50,4,6,6726.610357
2275,1,1,1,0,0,0,0,1,50,1,3,12000.40714
2276,1,0,0,0,1,1,0,1,55,2,0,10713.46429
2277,1,0,0,0,1,1,0,1,54,2,0,10215.6
2278,1,0,0,0,0,1,1,1,54,3,4,10769.02857
2279,1,1,0,0,1,0,0,1,54,4,4,11250.26429
2280,1,1,0,0,1,0,0,1,53,2,3,10899.86786
2281,1,0,0,1,0,1,0,1,54,6,3,10298.175
2282,1,0,0,0,0,1,1,1,54,5,4,7788.993571
2283,1,1,0,0,1,0,0,1,51,0,1,17537.91071
2284,1,0,0,0,0,1,1,1,54,2,6,10574.18571
2285,1,1,0,0,1,0,0,1,54,5,3,11200.78571
2286,1,0,0,0,1,1,0,1,51,5,5,6844.210357
2287,1,0,0,0,1,1,0,1,51,3,1,9102.580714
2288,1,1,0,0,1,0,0,1,51,4,3,10259.975
2289,1,0,1,0,0,1,0,1,54,6,2,10419.91429
2290,1,0,0,0,0,1,1,1,50,3,1,8963.217143
2291,1,0,0,1,0,1,0,1,51,4,4,9150.060357
2292,1,0,0,0,0,1,1,1,53,6,2,7792.3425
2293,1,0,0,1,0,1,0,1,50,5,0,8816.261429
2294,1,0,0,0,1,1,0,1,55,0,5,13256.9
2295,1,0,0,1,0,1,0,1,54,5,4,10306.45714
2296,1,0,1,0,0,1,0,1,53,2,0,12819.72143
2297,1,0,0,1,0,1,0,1,53,5,1,9944.255
2298,1,0,0,0,0,1,1,1,54,2,5,10298.71429
2299,1,1,1,0,0,0,0,1,55,3,3,11568.03571
2300,1,0,1,0,0,1,0,1,54,0,5,15526.1
2301,1,0,0,0,1,1,0,1,53,3,2,9832.778214
2302,1,1,1,0,0,0,0,1,54,2,2,11272.61786
2303,1,1,1,0,0,0,0,1,50,2,5,9660.893214
