,$no_host_directories,$verbose,$no_clobber,$save_headers,$verbosity,$output_file,$quiet,$strict_comments,$no_http_keep_alive,$no_dns_cache,$base,$server_response,$no_verbose,$no_cookies,$convert_links,$no_directories,$<MainMemory
0,0,1,0,0,1,0,0,0,0,0,1,0,0,0,0,0,13144
1,0,0,0,0,1,0,0,0,0,0,1,0,1,0,0,0,13572
2,0,0,0,0,1,0,1,0,0,0,1,0,0,0,0,0,13556
3,0,1,0,0,1,1,0,0,0,0,1,0,0,0,0,0,13588
4,0,1,1,0,1,0,0,0,0,0,1,0,0,0,0,0,13156
5,0,1,0,0,1,0,0,0,0,0,1,1,0,0,0,0,13132
6,0,1,0,0,1,0,0,0,0,1,1,0,0,0,0,0,13148
7,0,1,0,0,1,0,0,0,0,0,1,0,0,0,0,1,13156
8,1,1,0,0,1,0,0,0,0,0,1,0,0,0,0,0,13548
9,0,1,0,0,1,0,0,0,1,0,1,0,0,0,0,0,13612
10,0,1,0,0,1,0,0,0,0,0,1,0,0,1,0,0,13524
11,0,1,0,1,1,0,0,0,0,0,1,0,0,0,0,0,13532
12,0,1,0,0,1,0,0,0,0,0,1,0,0,0,1,0,14028
13,0,1,0,0,1,0,0,1,0,0,1,0,0,0,0,0,13144
14,0,0,0,0,0,0,0,0,0,0,0,0,0,0,0,0,13556
15,0,0,0,0,1,1,0,0,0,0,1,0,1,0,0,0,13576
16,0,0,1,0,1,0,0,0,0,0,1,0,1,0,0,0,13588
17,0,0,0,0,1,0,0,0,0,0,1,1,1,0,0,0,13580
18,0,0,0,0,1,0,0,0,0,1,1,0,1,0,0,0,13104
19,0,0,0,0,1,0,0,0,0,0,1,0,1,0,0,1,13520
20,1,0,0,0,1,0,0,0,0,0,1,0,1,0,0,0,13588
21,0,0,0,0,1,0,0,0,1,0,1,0,1,0,0,0,13556
22,0,0,0,0,1,0,0,0,0,0,1,0,1,1,0,0,13584
23,0,0,0,1,1,0,0,0,0,0,1,0,1,0,0,0,14168
24,0,0,0,0,1,0,0,0,0,0,1,0,1,0,1,0,13588
25,0,0,0,0,1,0,0,1,0,0,1,0,1,0,0,0,13548
26,0,0,1,0,1,0,1,0,0,0,1,0,0,0,0,0,13576
27,0,0,0,0,1,0,1,0,0,0,1,1,0,0,0,0,13548
28,0,0,0,0,1,0,1,0,0,1,1,0,0,0,0,0,13076
29,0,0,0,0,1,0,1,0,0,0,1,0,0,0,0,1,13496
30,1,0,0,0,1,0,1,0,0,0,1,0,0,0,0,0,13540
31,0,0,0,0,1,0,1,0,1,0,1,0,0,0,0,0,13524
32,0,0,0,0,1,0,1,0,0,0,1,0,0,1,0,0,13556
33,0,0,0,1,1,0,1,0,0,0,1,0,0,0,0,0,14180
34,0,0,0,0,1,0,1,0,0,0,1,0,0,0,1,0,13568
35,0,0,0,0,1,0,1,1,0,0,1,0,0,0,0,0,13596
36,0,1,1,0,1,1,0,0,0,0,1,0,0,0,0,0,13588
37,0,1,0,0,1,1,0,0,0,0,1,1,0,0,0,0,13588
38,0,1,0,0,1,1,0,0,0,1,1,0,0,0,0,0,13272
39,0,1,0,0,1,1,0,0,0,0,1,0,0,0,0,1,13520
40,1,1,0,0,1,1,0,0,0,0,1,0,0,0,0,0,13556
41,0,1,0,0,1,1,0,0,1,0,1,0,0,0,0,0,13572
42,0,1,0,0,1,1,0,0,0,0,1,0,0,1,0,0,13604
43,0,1,0,1,1,1,0,0,0,0,1,0,0,0,0,0,14228
44,0,1,0,0,1,1,0,0,0,0,1,0,0,0,1,0,13596
45,0,1,0,0,1,1,0,1,0,0,1,0,0,0,0,0,13140
46,0,1,1,0,1,0,0,0,0,0,1,1,0,0,0,0,13136
47,0,1,1,0,1,0,0,0,0,1,1,0,0,0,0,0,47496
48,0,1,1,0,1,0,0,0,0,0,1,0,0,0,0,1,13544
49,1,1,1,0,1,0,0,0,0,0,1,0,0,0,0,0,13632
50,0,1,1,0,1,0,0,0,1,0,1,0,0,0,0,0,13524
51,0,1,1,0,1,0,0,0,0,0,1,0,0,1,0,0,13540
52,0,1,1,1,1,0,0,0,0,0,1,0,0,0,0,0,14044
53,0,1,1,0,1,0,0,0,0,0,1,0,0,0,1,0,13144
54,0,1,1,0,1,0,0,1,0,0,1,0,0,0,0,0,13148
55,0,1,0,0,1,0,0,0,0,1,1,1,0,0,0,0,13160
56,0,1,0,0,1,0,0,0,0,0,1,1,0,0,0,1,13560
57,1,1,0,0,1,0,0,0,0,0,1,1,0,0,0,0,13604
58,0,1,0,0,1,0,0,0,1,0,1,1,0,0,0,0,13532
59,0,1,0,0,1,0,0,0,0,0,1,1,0,1,0,0,13540
60,0,1,0,1,1,0,0,0,0,0,1,1,0,0,0,0,14048
61,0,1,0,0,1,0,0,0,0,0,1,1,0,0,1,0,13124
62,0,1,0,0,1,0,0,1,0,0,1,1,0,0,0,0,13152
63,0,1,0,0,1,0,0,0,0,1,1,0,0,0,0,1,13568
64,1,1,0,0,1,0,0,0,0,1,1,0,0,0,0,0,13624
65,0,1,0,0,1,0,0,0,1,1,1,0,0,0,0,0,13512
66,0,1,0,0,1,0,0,0,0,1,1,0,0,1,0,0,13536
67,0,1,0,1,1,0,0,0,0,1,1,0,0,0,0,0,14048
68,0,1,0,0,1,0,0,0,0,1,1,0,0,0,1,0,13144
69,0,1,0,0,1,0,0,1,0,1,1,0,0,0,0,0,13148
70,1,1,0,0,1,0,0,0,0,0,1,0,0,0,0,1,13128
71,0,1,0,0,1,0,0,0,1,0,1,0,0,0,0,1,13120
72,0,1,0,0,1,0,0,0,0,0,1,0,0,1,0,1,13356
73,0,1,0,1,1,0,0,0,0,0,1,0,0,0,0,1,13764
74,0,1,0,0,1,0,0,0,0,0,1,0,0,0,1,1,13148
75,0,1,0,0,1,0,0,1,0,0,1,0,0,0,0,1,13548
76,1,1,0,0,1,0,0,0,1,0,1,0,0,0,0,0,13524
77,1,1,0,0,1,0,0,0,0,0,1,0,0,1,0,0,13552
78,1,1,0,1,1,0,0,0,0,0,1,0,0,0,0,0,14160
79,1,1,0,0,1,0,0,0,0,0,1,0,0,0,1,0,13556
80,1,1,0,0,1,0,0,1,0,0,1,0,0,0,0,0,13588
81,0,1,0,0,1,0,0,0,1,0,1,0,0,1,0,0,13536
82,0,1,0,1,1,0,0,0,1,0,1,0,0,0,0,0,14228
83,0,1,0,0,1,0,0,0,1,0,1,0,0,0,1,0,13624
84,0,1,0,0,1,0,0,1,1,0,1,0,0,0,0,0,13620
85,0,1,0,1,1,0,0,0,0,0,1,0,0,1,0,0,14140
86,0,1,0,0,1,0,0,0,0,0,1,0,0,1,1,0,13520
87,0,1,0,0,1,0,0,1,0,0,1,0,0,1,0,0,14148
88,0,1,0,1,1,0,0,0,0,0,1,0,0,0,1,0,13540
89,0,1,0,1,1,0,0,1,0,0,1,0,0,0,0,0,14032
90,1,1,0,0,1,1,0,1,1,1,1,0,0,1,0,0,13508
91,1,1,0,1,1,0,0,1,1,0,1,0,0,0,0,0,13548
92,1,0,0,1,1,0,1,1,1,1,1,1,0,0,1,0,14128
93,1,0,1,0,1,0,1,0,1,1,1,1,0,0,0,1,47468
94,1,0,1,0,1,0,1,0,1,0,1,0,0,0,0,0,13488
95,1,0,1,0,1,0,1,1,0,0,1,0,0,1,0,1,47416
96,0,0,1,1,1,0,1,1,0,1,1,0,0,1,1,1,47416
97,0,0,1,0,1,0,0,1,0,0,1,0,1,0,0,1,47460
98,0,1,0,0,1,1,0,0,1,1,1,0,0,0,0,1,13256
99,1,0,1,1,1,0,1,0,1,1,1,0,0,0,0,1,47436
100,1,0,1,1,1,0,1,1,1,1,1,0,0,1,0,1,47420
101,0,1,0,0,1,1,0,1,0,0,1,1,0,0,0,0,13588
102,0,0,1,0,1,0,1,0,1,0,1,0,0,0,1,0,14168
103,1,0,1,1,1,0,1,1,1,1,1,1,0,0,1,0,14132
104,0,1,0,1,1,1,0,1,0,1,1,0,0,1,0,0,13584
105,1,0,1,1,1,0,1,0,0,0,1,1,0,1,1,1,47448
106,0,0,0,0,1,0,1,0,1,1,1,0,0,0,1,1,13840
107,0,1,1,1,1,0,0,1,1,1,1,1,0,1,1,0,14240
108,1,1,0,0,1,1,0,0,0,0,1,0,0,0,1,0,14180
109,0,1,0,0,1,1,0,0,1,1,1,0,0,1,0,1,13232
110,1,1,0,1,1,1,0,1,0,0,1,0,0,0,1,0,14160
111,1,1,0,1,1,0,0,1,1,0,1,0,0,1,0,1,13120
112,1,1,0,0,1,0,0,0,1,1,1,0,0,0,1,1,13744
113,1,1,1,1,1,1,0,0,0,0,1,1,0,0,0,1,47480
114,1,0,1,1,1,0,0,0,0,0,1,1,1,1,1,1,47452
115,1,0,0,1,1,0,1,0,0,1,1,0,0,1,0,1,13076
116,0,1,0,0,1,1,0,0,1,1,1,0,0,0,1,0,14192
117,0,0,0,1,1,0,1,0,1,1,1,0,0,1,0,0,13536
118,0,0,1,1,1,0,0,1,1,0,1,1,1,0,1,1,47472
119,0,0,1,1,1,1,0,1,1,1,1,0,1,0,1,0,14180
120,0,0,0,1,1,1,0,1,0,1,1,0,1,0,0,0,13552
121,1,0,0,0,1,0,1,0,1,0,1,1,0,1,0,0,13500
122,1,1,0,1,1,1,0,1,0,0,1,0,0,0,1,1,13892
123,1,0,1,1,1,0,1,0,0,0,1,0,0,0,0,1,47436
124,1,0,1,1,1,0,1,0,1,0,1,0,0,1,1,1,47424
125,0,1,0,0,1,1,0,0,0,1,1,0,0,0,1,0,14224
126,0,0,1,0,1,0,1,0,0,1,1,1,0,0,0,0,13572
127,0,0,0,1,1,0,1,1,0,1,1,0,0,0,0,0,13572
128,0,1,1,0,1,0,0,0,1,0,1,1,0,0,0,1,47500
129,0,0,0,1,1,1,0,1,1,0,1,0,1,0,1,0,14164
130,1,0,0,0,1,0,0,0,0,1,1,0,1,0,0,0,13520
131,0,0,1,0,1,0,0,0,0,0,1,1,1,1,1,1,47452
132,1,1,1,1,1,1,0,0,0,1,1,0,0,1,0,1,47448
133,1,0,0,0,1,0,1,0,1,1,1,0,0,0,0,1,13204
134,1,0,0,0,1,0,1,1,0,1,1,1,0,1,0,1,13108
135,0,1,0,0,1,0,0,0,1,1,1,1,0,1,0,0,13608
136,0,0,0,0,1,0,1,1,1,0,1,0,0,1,0,1,13184
137,1,0,0,1,1,0,0,0,0,1,1,1,1,1,0,0,13516
138,1,1,1,1,1,0,0,1,0,1,1,0,0,1,0,1,47484
139,1,1,0,0,1,0,0,1,0,1,1,1,0,0,0,0,13548
140,1,0,0,0,1,0,1,0,1,0,1,0,0,1,1,1,13820
141,0,0,0,1,1,0,0,0,0,0,1,1,1,0,0,1,13264
142,0,1,0,1,1,1,0,1,1,1,1,0,0,1,0,1,13104
143,0,0,0,1,1,0,0,0,1,0,1,0,1,1,0,0,13552
144,1,0,0,1,1,0,1,1,0,1,1,0,0,0,1,0,14128
145,0,0,1,0,1,1,0,1,0,0,1,0,1,0,0,0,13556
146,0,0,1,0,1,0,1,0,0,0,1,1,0,1,0,1,47444
147,0,1,0,0,1,0,0,0,1,1,1,1,0,1,1,0,14212
148,1,1,1,1,1,0,0,1,0,1,1,0,0,1,1,0,14160
149,0,0,0,0,1,1,0,1,1,0,1,0,1,0,1,1,13876
150,1,0,1,0,1,0,1,0,0,1,1,0,0,0,0,0,13496
151,1,1,0,1,1,1,0,0,0,1,1,0,0,1,1,0,14144
152,0,0,1,0,1,0,1,1,0,0,1,1,0,1,0,1,47456
153,1,1,1,0,1,1,0,1,0,0,1,0,0,1,0,0,13504
154,1,0,0,1,1,0,1,0,1,1,1,0,0,0,1,1,13900
155,1,0,1,1,1,1,0,1,0,0,1,1,1,1,1,1,47416
156,1,1,1,0,1,1,0,0,0,0,1,0,0,0,0,0,13532
157,1,0,1,0,1,0,1,1,1,1,1,0,0,1,1,0,14092
158,1,1,1,0,1,1,0,0,0,1,1,1,0,1,1,1,47452
159,0,1,0,1,1,0,0,0,1,0,1,1,0,1,1,0,14232
160,1,1,1,1,1,0,0,1,1,0,1,1,0,1,0,1,47488
161,0,1,1,0,1,0,0,1,0,0,1,1,0,1,0,1,47488
162,1,1,0,0,1,0,0,0,0,0,1,0,0,0,1,1,13776
163,1,0,0,0,1,0,1,0,0,0,1,1,0,0,1,1,13692
164,0,0,1,0,1,0,1,0,0,1,1,1,0,0,1,0,14184
165,1,1,1,1,1,0,0,0,0,0,1,1,0,1,0,0,13540
166,1,0,0,1,1,0,1,1,0,1,1,1,0,1,0,1,13108
167,0,1,0,1,1,0,0,0,1,0,1,0,0,0,0,1,13276
168,1,0,1,1,1,0,1,0,0,1,1,0,0,0,1,1,47436
169,0,0,0,1,1,0,1,0,0,0,1,1,0,0,1,0,14156
170,0,0,0,0,1,0,1,1,1,1,1,1,0,1,1,0,14156
171,0,1,1,1,1,1,0,0,0,1,1,0,0,0,1,1,47488
172,1,1,0,1,1,0,0,1,0,0,1,0,0,0,1,1,13992
173,1,0,0,0,1,0,1,1,0,1,1,1,0,0,0,0,13508
174,0,1,0,0,1,0,0,1,1,1,1,0,0,1,1,1,13764
175,0,0,0,0,1,0,1,0,1,1,1,1,0,0,0,1,13260
176,1,1,0,0,1,1,0,1,1,0,1,0,0,0,0,0,13548
177,1,1,0,1,1,1,0,1,1,1,1,0,0,1,0,0,13484
178,0,0,1,1,1,1,0,1,1,1,1,0,1,1,1,1,47424
179,1,0,0,1,1,0,0,1,1,0,1,0,1,1,0,1,13104
180,0,1,0,0,1,1,0,1,0,0,1,0,0,0,0,1,13268
181,0,1,1,1,1,1,0,1,1,1,1,0,0,1,0,0,13544
182,0,0,0,1,1,0,1,0,1,1,1,1,0,0,1,0,14160
183,1,1,1,1,1,1,0,0,1,0,1,0,0,0,1,1,47488
184,1,1,1,0,1,1,0,0,1,0,1,1,0,1,0,1,47452
185,0,1,0,0,1,0,0,0,0,1,1,1,0,1,1,0,14140
186,0,1,0,1,1,1,0,0,0,0,1,0,0,0,1,1,13896
187,1,0,0,1,1,0,1,1,1,1,1,1,0,1,0,1,13104
