,no_8x8dct,no_cabac,no_deblock,no_fast_pskip,no_mbtree,no_mixed_refs,no_weightb,rc_lookahead_20,rc_lookahead_40,rc_lookahead_60,ref_1,ref_5,ref_9,PERF
0,0,0,0,0,0,0,0,1,0,0,1,0,0,268.72
1,0,0,1,0,0,0,0,1,0,0,1,0,0,268.017
2,0,0,0,1,0,0,0,1,0,0,1,0,0,276.103
3,0,0,1,1,0,0,0,1,0,0,1,0,0,275.427
4,0,1,0,0,0,0,0,1,0,0,1,0,0,260.267
5,0,1,0,1,0,0,0,1,0,0,1,0,0,266.483
6,0,1,1,0,0,0,0,1,0,0,1,0,0,259.807
7,0,1,1,1,0,0,0,1,0,0,1,0,0,266.19
8,0,0,0,0,0,0,1,1,0,0,1,0,0,268.557
9,0,0,1,0,0,0,1,1,0,0,1,0,0,267.853
10,0,1,0,0,0,0,1,1,0,0,1,0,0,260.41
11,0,1,1,0,0,0,1,1,0,0,1,0,0,259.903
12,0,0,0,1,0,0,1,1,0,0,1,0,0,275.92
13,0,1,0,1,0,0,1,1,0,0,1,0,0,266.527
14,0,0,1,1,0,0,1,1,0,0,1,0,0,275.373
15,0,1,1,1,0,0,1,1,0,0,1,0,0,266.113
16,0,0,0,0,0,1,0,1,0,0,1,0,0,268.773
17,0,0,1,0,0,1,0,1,0,0,1,0,0,268.17
18,0,0,0,1,0,1,0,1,0,0,1,0,0,276.03
19,0,0,1,1,0,1,0,1,0,0,1,0,0,275.69
20,0,0,0,0,0,1,1,1,0,0,1,0,0,268.603
21,0,0,0,1,0,1,1,1,0,0,1,0,0,275.957
22,0,0,1,0,0,1,1,1,0,0,1,0,0,268.11
23,0,0,1,1,0,1,1,1,0,0,1,0,0,275.31
24,0,1,0,0,0,1,0,1,0,0,1,0,0,260.48
25,0,1,1,0,0,1,0,1,0,0,1,0,0,259.963
26,0,1,0,0,0,1,1,1,0,0,1,0,0,260.38
27,0,1,1,0,0,1,1,1,0,0,1,0,0,259.84
28,0,1,0,1,0,1,0,1,0,0,1,0,0,266.67
29,0,1,0,1,0,1,1,1,0,0,1,0,0,266.51
30,0,1,1,1,0,1,0,1,0,0,1,0,0,266.22
31,0,1,1,1,0,1,1,1,0,0,1,0,0,266.273
32,0,0,0,0,1,0,0,1,0,0,1,0,0,305.4
33,0,0,1,0,1,0,0,1,0,0,1,0,0,304.9
34,0,0,0,1,1,0,0,1,0,0,1,0,0,310.58
35,0,0,1,1,1,0,0,1,0,0,1,0,0,310.177
36,0,1,0,0,1,0,0,1,0,0,1,0,0,295.47
37,0,1,0,1,1,0,0,1,0,0,1,0,0,299.66
38,0,1,1,0,1,0,0,1,0,0,1,0,0,295.367
39,0,1,1,1,1,0,0,1,0,0,1,0,0,299.637
40,0,0,0,0,1,1,0,1,0,0,1,0,0,305.26
41,0,0,1,0,1,1,0,1,0,0,1,0,0,304.967
42,0,1,0,0,1,1,0,1,0,0,1,0,0,295.507
43,0,1,1,0,1,1,0,1,0,0,1,0,0,295.257
44,0,0,0,1,1,1,0,1,0,0,1,0,0,310.52
45,0,1,0,1,1,1,0,1,0,0,1,0,0,299.77
46,0,0,1,1,1,1,0,1,0,0,1,0,0,310.153
47,0,1,1,1,1,1,0,1,0,0,1,0,0,299.637
48,0,0,0,0,1,0,1,1,0,0,1,0,0,305.283
49,0,0,1,0,1,0,1,1,0,0,1,0,0,304.997
50,0,0,0,1,1,0,1,1,0,0,1,0,0,310.577
51,0,0,1,1,1,0,1,1,0,0,1,0,0,310.217
52,0,0,0,0,1,1,1,1,0,0,1,0,0,305.48
53,0,0,0,1,1,1,1,1,0,0,1,0,0,310.793
54,0,0,1,0,1,1,1,1,0,0,1,0,0,304.94
55,0,0,1,1,1,1,1,1,0,0,1,0,0,310.29
56,0,1,0,0,1,0,1,1,0,0,1,0,0,295.59
57,0,1,1,0,1,0,1,1,0,0,1,0,0,295.333
58,0,1,0,0,1,1,1,1,0,0,1,0,0,295.527
59,0,1,1,0,1,1,1,1,0,0,1,0,0,295.41
60,0,1,0,1,1,0,1,1,0,0,1,0,0,299.69
61,0,1,0,1,1,1,1,1,0,0,1,0,0,299.843
62,0,1,1,1,1,0,1,1,0,0,1,0,0,299.647
63,0,1,1,1,1,1,1,1,0,0,1,0,0,299.703
64,1,0,0,0,0,0,0,1,0,0,1,0,0,254.587
65,1,0,1,0,0,0,0,1,0,0,1,0,0,254.177
66,1,0,0,1,0,0,0,1,0,0,1,0,0,261.077
67,1,0,1,1,0,0,0,1,0,0,1,0,0,260.497
68,1,1,0,0,0,0,0,1,0,0,1,0,0,244.39
69,1,1,0,1,0,0,0,1,0,0,1,0,0,249.497
70,1,1,1,0,0,0,0,1,0,0,1,0,0,244.23
71,1,1,1,1,0,0,0,1,0,0,1,0,0,249.363
72,1,0,0,0,0,0,1,1,0,0,1,0,0,254.733
73,1,0,1,0,0,0,1,1,0,0,1,0,0,254.033
74,1,1,0,0,0,0,1,1,0,0,1,0,0,244.303
75,1,1,1,0,0,0,1,1,0,0,1,0,0,244.353
76,1,0,0,1,0,0,1,1,0,0,1,0,0,261.31
77,1,1,0,1,0,0,1,1,0,0,1,0,0,249.64
78,1,0,1,1,0,0,1,1,0,0,1,0,0,260.617
79,1,1,1,1,0,0,1,1,0,0,1,0,0,249.463
80,1,0,0,0,1,0,0,1,0,0,1,0,0,287.01
81,1,0,1,0,1,0,0,1,0,0,1,0,0,286.287
82,1,0,0,1,1,0,0,1,0,0,1,0,0,291.633
83,1,0,1,1,1,0,0,1,0,0,1,0,0,291.01
84,1,0,0,0,1,0,1,1,0,0,1,0,0,287.06
85,1,0,0,1,1,0,1,1,0,0,1,0,0,291.62
86,1,0,1,0,1,0,1,1,0,0,1,0,0,286.397
87,1,0,1,1,1,0,1,1,0,0,1,0,0,291.15
88,1,1,0,0,1,0,0,1,0,0,1,0,0,275.923
89,1,1,1,0,1,0,0,1,0,0,1,0,0,275.387
90,1,1,0,0,1,0,1,1,0,0,1,0,0,275.927
91,1,1,1,0,1,0,1,1,0,0,1,0,0,275.433
92,1,1,0,1,1,0,0,1,0,0,1,0,0,279.79
93,1,1,0,1,1,0,1,1,0,0,1,0,0,279.777
94,1,1,1,1,1,0,0,1,0,0,1,0,0,279.15
95,1,1,1,1,1,0,1,1,0,0,1,0,0,279.15
96,1,0,0,0,0,1,0,1,0,0,1,0,0,254.82
97,1,0,1,0,0,1,0,1,0,0,1,0,0,254.11
98,1,0,0,1,0,1,0,1,0,0,1,0,0,261.203
99,1,0,1,1,0,1,0,1,0,0,1,0,0,260.637
100,1,1,0,0,0,1,0,1,0,0,1,0,0,244.433
101,1,1,0,1,0,1,0,1,0,0,1,0,0,249.73
102,1,1,1,0,0,1,0,1,0,0,1,0,0,244.277
103,1,1,1,1,0,1,0,1,0,0,1,0,0,249.44
104,1,0,0,0,1,1,0,1,0,0,1,0,0,287.087
105,1,0,1,0,1,1,0,1,0,0,1,0,0,286.43
106,1,1,0,0,1,1,0,1,0,0,1,0,0,275.993
107,1,1,1,0,1,1,0,1,0,0,1,0,0,275.417
108,1,0,0,1,1,1,0,1,0,0,1,0,0,291.66
109,1,1,0,1,1,1,0,1,0,0,1,0,0,279.753
110,1,0,1,1,1,1,0,1,0,0,1,0,0,291.043
111,1,1,1,1,1,1,0,1,0,0,1,0,0,279.153
112,1,0,0,0,0,1,1,1,0,0,1,0,0,254.707
113,1,0,1,0,0,1,1,1,0,0,1,0,0,254.013
114,1,0,0,1,0,1,1,1,0,0,1,0,0,261.207
115,1,0,1,1,0,1,1,1,0,0,1,0,0,260.55
116,1,0,0,0,1,1,1,1,0,0,1,0,0,287.087
117,1,0,0,1,1,1,1,1,0,0,1,0,0,291.61
118,1,0,1,0,1,1,1,1,0,0,1,0,0,286.44
119,1,0,1,1,1,1,1,1,0,0,1,0,0,290.917
120,1,1,0,0,0,1,1,1,0,0,1,0,0,244.333
121,1,1,1,0,0,1,1,1,0,0,1,0,0,244.28
122,1,1,0,0,1,1,1,1,0,0,1,0,0,276.027
123,1,1,1,0,1,1,1,1,0,0,1,0,0,275.47
124,1,1,0,1,0,1,1,1,0,0,1,0,0,249.607
125,1,1,0,1,1,1,1,1,0,0,1,0,0,279.81
126,1,1,1,1,0,1,1,1,0,0,1,0,0,249.41
127,1,1,1,1,1,1,1,1,0,0,1,0,0,279.267
128,0,0,0,0,0,0,0,0,1,0,1,0,0,270.657
129,0,0,1,0,0,0,0,0,1,0,1,0,0,270.07
130,0,0,0,1,0,0,0,0,1,0,1,0,0,278.197
131,0,0,1,1,0,0,0,0,1,0,1,0,0,277.813
132,0,1,0,0,0,0,0,0,1,0,1,0,0,262.563
133,0,1,0,1,0,0,0,0,1,0,1,0,0,268.787
134,0,1,1,0,0,0,0,0,1,0,1,0,0,262.233
135,0,1,1,1,0,0,0,0,1,0,1,0,0,268.397
136,0,0,0,0,0,0,1,0,1,0,1,0,0,270.707
137,0,0,1,0,0,0,1,0,1,0,1,0,0,270.153
138,0,1,0,0,0,0,1,0,1,0,1,0,0,262.567
139,0,1,1,0,0,0,1,0,1,0,1,0,0,262.29
140,0,0,0,1,0,0,1,0,1,0,1,0,0,278.12
141,0,1,0,1,0,0,1,0,1,0,1,0,0,268.873
142,0,0,1,1,0,0,1,0,1,0,1,0,0,277.533
143,0,1,1,1,0,0,1,0,1,0,1,0,0,268.207
144,0,0,0,0,0,1,0,0,1,0,1,0,0,270.66
145,0,0,1,0,0,1,0,0,1,0,1,0,0,270.137
146,0,0,0,1,0,1,0,0,1,0,1,0,0,278.227
147,0,0,1,1,0,1,0,0,1,0,1,0,0,277.853
148,0,0,0,0,0,1,1,0,1,0,1,0,0,270.727
149,0,0,0,1,0,1,1,0,1,0,1,0,0,278.077
150,0,0,1,0,0,1,1,0,1,0,1,0,0,270.013
151,0,0,1,1,0,1,1,0,1,0,1,0,0,277.563
152,0,1,0,0,0,1,0,0,1,0,1,0,0,262.653
153,0,1,1,0,0,1,0,0,1,0,1,0,0,262.17
154,0,1,0,0,0,1,1,0,1,0,1,0,0,262.53
155,0,1,1,0,0,1,1,0,1,0,1,0,0,262.277
156,0,1,0,1,0,1,0,0,1,0,1,0,0,268.763
157,0,1,0,1,0,1,1,0,1,0,1,0,0,268.883
158,0,1,1,1,0,1,0,0,1,0,1,0,0,268.397
159,0,1,1,1,0,1,1,0,1,0,1,0,0,268.263
160,1,0,0,0,0,0,0,0,1,0,1,0,0,256.727
161,1,0,1,0,0,0,0,0,1,0,1,0,0,256.333
162,1,0,0,1,0,0,0,0,1,0,1,0,0,263.437
163,1,0,1,1,0,0,0,0,1,0,1,0,0,262.793
164,1,1,0,0,0,0,0,0,1,0,1,0,0,246.487
165,1,1,0,1,0,0,0,0,1,0,1,0,0,251.87
166,1,1,1,0,0,0,0,0,1,0,1,0,0,246.4
167,1,1,1,1,0,0,0,0,1,0,1,0,0,251.573
168,1,0,0,0,0,1,0,0,1,0,1,0,0,256.82
169,1,0,1,0,0,1,0,0,1,0,1,0,0,256.34
170,1,1,0,0,0,1,0,0,1,0,1,0,0,246.543
171,1,1,1,0,0,1,0,0,1,0,1,0,0,246.273
172,1,0,0,1,0,1,0,0,1,0,1,0,0,263.207
173,1,1,0,1,0,1,0,0,1,0,1,0,0,251.823
174,1,0,1,1,0,1,0,0,1,0,1,0,0,262.643
175,1,1,1,1,0,1,0,0,1,0,1,0,0,251.587
176,1,0,0,0,0,0,1,0,1,0,1,0,0,256.667
177,1,0,1,0,0,0,1,0,1,0,1,0,0,256.273
178,1,0,0,1,0,0,1,0,1,0,1,0,0,263.253
179,1,0,1,1,0,0,1,0,1,0,1,0,0,262.61
180,1,0,0,0,0,1,1,0,1,0,1,0,0,256.72
181,1,0,0,1,0,1,1,0,1,0,1,0,0,263.073
182,1,0,1,0,0,1,1,0,1,0,1,0,0,256.32
183,1,0,1,1,0,1,1,0,1,0,1,0,0,262.51
184,1,1,0,0,0,0,1,0,1,0,1,0,0,246.41
185,1,1,1,0,0,0,1,0,1,0,1,0,0,246.2
186,1,1,0,0,0,1,1,0,1,0,1,0,0,246.58
187,1,1,1,0,0,1,1,0,1,0,1,0,0,246.237
188,1,1,0,1,0,0,1,0,1,0,1,0,0,251.787
189,1,1,0,1,0,1,1,0,1,0,1,0,0,251.86
190,1,1,1,1,0,0,1,0,1,0,1,0,0,251.53
191,1,1,1,1,0,1,1,0,1,0,1,0,0,251.637
192,0,0,0,0,1,0,0,0,1,0,1,0,0,305.457
193,0,0,1,0,1,0,0,0,1,0,1,0,0,305.173
194,0,0,0,1,1,0,0,0,1,0,1,0,0,310.697
195,0,0,1,1,1,0,0,0,1,0,1,0,0,310.287
196,0,1,0,0,1,0,0,0,1,0,1,0,0,295.49
197,0,1,0,1,1,0,0,0,1,0,1,0,0,299.813
198,0,1,1,0,1,0,0,0,1,0,1,0,0,295.427
199,0,1,1,1,1,0,0,0,1,0,1,0,0,299.707
200,0,0,0,0,1,0,1,0,1,0,1,0,0,305.443
201,0,0,1,0,1,0,1,0,1,0,1,0,0,305.04
202,0,1,0,0,1,0,1,0,1,0,1,0,0,295.61
203,0,1,1,0,1,0,1,0,1,0,1,0,0,295.503
204,0,0,0,1,1,0,1,0,1,0,1,0,0,310.777
205,0,1,0,1,1,0,1,0,1,0,1,0,0,299.907
206,0,0,1,1,1,0,1,0,1,0,1,0,0,310.317
207,0,1,1,1,1,0,1,0,1,0,1,0,0,299.627
208,1,0,0,0,1,0,0,0,1,0,1,0,0,287.05
209,1,0,1,0,1,0,0,0,1,0,1,0,0,286.427
210,1,0,0,1,1,0,0,0,1,0,1,0,0,291.59
211,1,0,1,1,1,0,0,0,1,0,1,0,0,291.067
212,1,0,0,0,1,0,1,0,1,0,1,0,0,287.107
213,1,0,0,1,1,0,1,0,1,0,1,0,0,291.577
214,1,0,1,0,1,0,1,0,1,0,1,0,0,286.4
215,1,0,1,1,1,0,1,0,1,0,1,0,0,291.2
216,1,1,0,0,1,0,0,0,1,0,1,0,0,276.01
217,1,1,1,0,1,0,0,0,1,0,1,0,0,275.56
218,1,1,0,0,1,0,1,0,1,0,1,0,0,275.973
219,1,1,1,0,1,0,1,0,1,0,1,0,0,275.453
220,1,1,0,1,1,0,0,0,1,0,1,0,0,279.753
221,1,1,0,1,1,0,1,0,1,0,1,0,0,279.89
222,1,1,1,1,1,0,0,0,1,0,1,0,0,279.247
223,1,1,1,1,1,0,1,0,1,0,1,0,0,279.157
224,0,0,0,0,1,1,0,0,1,0,1,0,0,305.503
225,0,0,1,0,1,1,0,0,1,0,1,0,0,305.03
226,0,0,0,1,1,1,0,0,1,0,1,0,0,310.697
227,0,0,1,1,1,1,0,0,1,0,1,0,0,310.25
228,0,1,0,0,1,1,0,0,1,0,1,0,0,295.68
229,0,1,0,1,1,1,0,0,1,0,1,0,0,299.75
230,0,1,1,0,1,1,0,0,1,0,1,0,0,295.36
231,0,1,1,1,1,1,0,0,1,0,1,0,0,299.69
232,1,0,0,0,1,1,0,0,1,0,1,0,0,287.21
233,1,0,1,0,1,1,0,0,1,0,1,0,0,286.28
234,1,1,0,0,1,1,0,0,1,0,1,0,0,275.897
235,1,1,1,0,1,1,0,0,1,0,1,0,0,275.523
236,1,0,0,1,1,1,0,0,1,0,1,0,0,291.673
237,1,1,0,1,1,1,0,0,1,0,1,0,0,279.74
238,1,0,1,1,1,1,0,0,1,0,1,0,0,291.173
239,1,1,1,1,1,1,0,0,1,0,1,0,0,279.26
240,0,0,0,0,1,1,1,0,1,0,1,0,0,305.433
241,0,0,1,0,1,1,1,0,1,0,1,0,0,305
242,0,0,0,1,1,1,1,0,1,0,1,0,0,310.753
243,0,0,1,1,1,1,1,0,1,0,1,0,0,310.283
244,1,0,0,0,1,1,1,0,1,0,1,0,0,287.037
245,1,0,0,1,1,1,1,0,1,0,1,0,0,291.603
246,1,0,1,0,1,1,1,0,1,0,1,0,0,286.337
247,1,0,1,1,1,1,1,0,1,0,1,0,0,291.21
248,0,1,0,0,1,1,1,0,1,0,1,0,0,295.58
249,0,1,1,0,1,1,1,0,1,0,1,0,0,295.447
250,1,1,0,0,1,1,1,0,1,0,1,0,0,276.01
251,1,1,1,0,1,1,1,0,1,0,1,0,0,275.407
252,0,1,0,1,1,1,1,0,1,0,1,0,0,299.84
253,1,1,0,1,1,1,1,0,1,0,1,0,0,279.903
254,0,1,1,1,1,1,1,0,1,0,1,0,0,299.733
255,1,1,1,1,1,1,1,0,1,0,1,0,0,279.193
256,0,0,0,0,0,0,0,0,0,1,1,0,0,271.967
257,0,0,0,1,0,0,0,0,0,1,1,0,0,279.357
258,0,1,0,0,0,0,0,0,0,1,1,0,0,263.823
259,0,1,0,1,0,0,0,0,0,1,1,0,0,269.917
260,0,0,0,0,0,0,1,0,0,1,1,0,0,272.003
261,0,1,0,0,0,0,1,0,0,1,1,0,0,263.643
262,0,0,0,1,0,0,1,0,0,1,1,0,0,279.333
263,0,1,0,1,0,0,1,0,0,1,1,0,0,269.95
264,0,0,0,0,0,1,0,0,0,1,1,0,0,272.13
265,0,0,0,1,0,1,0,0,0,1,1,0,0,279.533
266,0,0,0,0,0,1,1,0,0,1,1,0,0,272.053
267,0,0,0,1,0,1,1,0,0,1,1,0,0,279.303
268,0,1,0,0,0,1,0,0,0,1,1,0,0,263.887
269,0,1,0,0,0,1,1,0,0,1,1,0,0,263.753
270,0,1,0,1,0,1,0,0,0,1,1,0,0,270.09
271,0,1,0,1,0,1,1,0,0,1,1,0,0,270.063
272,0,0,0,0,1,0,0,0,0,1,1,0,0,305.383
273,0,0,0,1,1,0,0,0,0,1,1,0,0,310.607
274,0,1,0,0,1,0,0,0,0,1,1,0,0,295.577
275,0,1,0,1,1,0,0,0,0,1,1,0,0,299.867
276,0,0,0,0,1,1,0,0,0,1,1,0,0,305.35
277,0,1,0,0,1,1,0,0,0,1,1,0,0,295.62
278,0,0,0,1,1,1,0,0,0,1,1,0,0,310.673
279,0,1,0,1,1,1,0,0,0,1,1,0,0,299.89
280,0,0,0,0,1,0,1,0,0,1,1,0,0,305.5
281,0,0,0,1,1,0,1,0,0,1,1,0,0,310.687
282,0,0,0,0,1,1,1,0,0,1,1,0,0,305.433
283,0,0,0,1,1,1,1,0,0,1,1,0,0,310.673
284,0,1,0,0,1,0,1,0,0,1,1,0,0,295.607
285,0,1,0,0,1,1,1,0,0,1,1,0,0,295.683
286,0,1,0,1,1,0,1,0,0,1,1,0,0,299.85
287,0,1,0,1,1,1,1,0,0,1,1,0,0,299.96
288,0,0,1,0,0,0,0,0,0,1,1,0,0,271.337
289,0,0,1,1,0,0,0,0,0,1,1,0,0,279.037
290,0,1,1,0,0,0,0,0,0,1,1,0,0,263.367
291,0,1,1,1,0,0,0,0,0,1,1,0,0,269.733
292,0,0,1,0,0,0,1,0,0,1,1,0,0,271.38
293,0,1,1,0,0,0,1,0,0,1,1,0,0,263.363
294,0,0,1,1,0,0,1,0,0,1,1,0,0,279.083
295,0,1,1,1,0,0,1,0,0,1,1,0,0,269.523
296,0,0,1,0,1,0,0,0,0,1,1,0,0,304.96
297,0,0,1,1,1,0,0,0,0,1,1,0,0,310.227
298,0,0,1,0,1,0,1,0,0,1,1,0,0,305.147
299,0,0,1,1,1,0,1,0,0,1,1,0,0,310.327
300,0,1,1,0,1,0,0,0,0,1,1,0,0,295.353
301,0,1,1,0,1,0,1,0,0,1,1,0,0,295.423
302,0,1,1,1,1,0,0,0,0,1,1,0,0,299.813
303,0,1,1,1,1,0,1,0,0,1,1,0,0,299.797
304,0,0,1,0,0,1,0,0,0,1,1,0,0,271.417
305,0,0,1,1,0,1,0,0,0,1,1,0,0,279.097
306,0,1,1,0,0,1,0,0,0,1,1,0,0,263.403
307,0,1,1,1,0,1,0,0,0,1,1,0,0,269.583
308,0,0,1,0,1,1,0,0,0,1,1,0,0,305.027
309,0,1,1,0,1,1,0,0,0,1,1,0,0,295.413
310,0,0,1,1,1,1,0,0,0,1,1,0,0,310.263
311,0,1,1,1,1,1,0,0,0,1,1,0,0,299.677
312,0,0,1,0,0,1,1,0,0,1,1,0,0,271.403
313,0,0,1,1,0,1,1,0,0,1,1,0,0,279.013
314,0,0,1,0,1,1,1,0,0,1,1,0,0,305.103
315,0,0,1,1,1,1,1,0,0,1,1,0,0,310.253
316,0,1,1,0,0,1,1,0,0,1,1,0,0,263.373
317,0,1,1,0,1,1,1,0,0,1,1,0,0,295.41
318,0,1,1,1,0,1,1,0,0,1,1,0,0,269.493
319,0,1,1,1,1,1,1,0,0,1,1,0,0,299.677
320,1,0,0,0,0,0,0,0,0,1,1,0,0,257.973
321,1,0,0,1,0,0,0,0,0,1,1,0,0,264.293
322,1,1,0,0,0,0,0,0,0,1,1,0,0,247.73
323,1,1,0,1,0,0,0,0,0,1,1,0,0,252.963
324,1,0,0,0,0,0,1,0,0,1,1,0,0,257.927
325,1,1,0,0,0,0,1,0,0,1,1,0,0,247.507
326,1,0,0,1,0,0,1,0,0,1,1,0,0,264.287
327,1,1,0,1,0,0,1,0,0,1,1,0,0,253.01
328,1,0,0,0,0,1,0,0,0,1,1,0,0,258.113
329,1,0,0,1,0,1,0,0,0,1,1,0,0,264.38
330,1,0,0,0,0,1,1,0,0,1,1,0,0,257.877
331,1,0,0,1,0,1,1,0,0,1,1,0,0,264.33
332,1,1,0,0,0,1,0,0,0,1,1,0,0,247.717
333,1,1,0,0,0,1,1,0,0,1,1,0,0,247.693
334,1,1,0,1,0,1,0,0,0,1,1,0,0,253.127
335,1,1,0,1,0,1,1,0,0,1,1,0,0,253.08
336,1,0,1,0,0,0,0,0,0,1,1,0,0,257.463
337,1,0,1,1,0,0,0,0,0,1,1,0,0,263.91
338,1,1,1,0,0,0,0,0,0,1,1,0,0,247.483
339,1,1,1,1,0,0,0,0,0,1,1,0,0,252.827
340,1,0,1,0,0,1,0,0,0,1,1,0,0,257.407
341,1,1,1,0,0,1,0,0,0,1,1,0,0,247.667
342,1,0,1,1,0,1,0,0,0,1,1,0,0,263.847
343,1,1,1,1,0,1,0,0,0,1,1,0,0,252.78
344,1,0,1,0,0,0,1,0,0,1,1,0,0,257.45
345,1,0,1,1,0,0,1,0,0,1,1,0,0,263.853
346,1,0,1,0,0,1,1,0,0,1,1,0,0,257.53
347,1,0,1,1,0,1,1,0,0,1,1,0,0,263.92
348,1,1,1,0,0,0,1,0,0,1,1,0,0,247.517
349,1,1,1,0,0,1,1,0,0,1,1,0,0,247.537
350,1,1,1,1,0,0,1,0,0,1,1,0,0,252.737
351,1,1,1,1,0,1,1,0,0,1,1,0,0,252.63
352,1,0,0,0,1,0,0,0,0,1,1,0,0,287.113
353,1,0,0,1,1,0,0,0,0,1,1,0,0,291.643
354,1,1,0,0,1,0,0,0,0,1,1,0,0,275.97
355,1,1,0,1,1,0,0,0,0,1,1,0,0,279.84
356,1,0,0,0,1,0,1,0,0,1,1,0,0,287.107
357,1,1,0,0,1,0,1,0,0,1,1,0,0,275.96
358,1,0,0,1,1,0,1,0,0,1,1,0,0,291.53
359,1,1,0,1,1,0,1,0,0,1,1,0,0,279.757
360,1,0,1,0,1,0,0,0,0,1,1,0,0,286.353
361,1,0,1,1,1,0,0,0,0,1,1,0,0,291.14
362,1,0,1,0,1,0,1,0,0,1,1,0,0,286.327
363,1,0,1,1,1,0,1,0,0,1,1,0,0,291.057
364,1,1,1,0,1,0,0,0,0,1,1,0,0,275.453
365,1,1,1,0,1,0,1,0,0,1,1,0,0,275.427
366,1,1,1,1,1,0,0,0,0,1,1,0,0,279.223
367,1,1,1,1,1,0,1,0,0,1,1,0,0,279.217
368,1,0,0,0,1,1,0,0,0,1,1,0,0,287.053
369,1,0,0,1,1,1,0,0,0,1,1,0,0,291.483
370,1,1,0,0,1,1,0,0,0,1,1,0,0,275.987
371,1,1,0,1,1,1,0,0,0,1,1,0,0,279.853
372,1,0,1,0,1,1,0,0,0,1,1,0,0,286.47
373,1,1,1,0,1,1,0,0,0,1,1,0,0,275.39
374,1,0,1,1,1,1,0,0,0,1,1,0,0,291.277
375,1,1,1,1,1,1,0,0,0,1,1,0,0,279.13
376,1,0,0,0,1,1,1,0,0,1,1,0,0,287.063
377,1,0,0,1,1,1,1,0,0,1,1,0,0,291.587
378,1,0,1,0,1,1,1,0,0,1,1,0,0,286.457
379,1,0,1,1,1,1,1,0,0,1,1,0,0,291.237
380,1,1,0,0,1,1,1,0,0,1,1,0,0,276.073
381,1,1,1,0,1,1,1,0,0,1,1,0,0,275.46
382,1,1,0,1,1,1,1,0,0,1,1,0,0,279.927
383,1,1,1,1,1,1,1,0,0,1,1,0,0,279.247
384,0,0,0,0,0,0,0,0,1,0,0,1,0,444.6
385,0,0,1,0,0,0,0,0,1,0,0,1,0,446.633
386,0,0,0,1,0,0,0,0,1,0,0,1,0,515.543
387,0,0,1,1,0,0,0,0,1,0,0,1,0,518.143
388,0,1,0,0,0,0,0,0,1,0,0,1,0,438.197
389,0,1,0,1,0,0,0,0,1,0,0,1,0,507.75
390,0,1,1,0,0,0,0,0,1,0,0,1,0,439.607
391,0,1,1,1,0,0,0,0,1,0,0,1,0,509.273
392,0,0,0,0,0,0,1,0,1,0,0,1,0,444.333
393,0,0,1,0,0,0,1,0,1,0,0,1,0,446.6
394,0,1,0,0,0,0,1,0,1,0,0,1,0,437.933
395,0,1,1,0,0,0,1,0,1,0,0,1,0,439.26
396,0,0,0,1,0,0,1,0,1,0,0,1,0,515.663
397,0,1,0,1,0,0,1,0,1,0,0,1,0,507.39
398,0,0,1,1,0,0,1,0,1,0,0,1,0,517.123
399,0,1,1,1,0,0,1,0,1,0,0,1,0,508.623
400,0,0,0,0,0,1,0,0,1,0,0,1,0,383.053
401,0,0,1,0,0,1,0,0,1,0,0,1,0,382.12
402,0,0,0,1,0,1,0,0,1,0,0,1,0,449.28
403,0,0,1,1,0,1,0,0,1,0,0,1,0,448.53
404,0,0,0,0,0,1,1,0,1,0,0,1,0,382.883
405,0,0,0,1,0,1,1,0,1,0,0,1,0,449.133
406,0,0,1,0,0,1,1,0,1,0,0,1,0,382.01
407,0,0,1,1,0,1,1,0,1,0,0,1,0,448.11
408,0,1,0,0,0,1,0,0,1,0,0,1,0,380.663
409,0,1,1,0,0,1,0,0,1,0,0,1,0,379.457
410,0,1,0,0,0,1,1,0,1,0,0,1,0,380.277
411,0,1,1,0,0,1,1,0,1,0,0,1,0,379.4
412,0,1,0,1,0,1,0,0,1,0,0,1,0,445.837
413,0,1,0,1,0,1,1,0,1,0,0,1,0,445.457
414,0,1,1,1,0,1,0,0,1,0,0,1,0,444.607
415,0,1,1,1,0,1,1,0,1,0,0,1,0,444.38
416,0,0,0,0,1,0,0,0,1,0,0,1,0,519.583
417,0,0,1,0,1,0,0,0,1,0,0,1,0,521.843
418,0,0,0,1,1,0,0,0,1,0,0,1,0,571.397
419,0,0,1,1,1,0,0,0,1,0,0,1,0,573.63
420,0,1,0,0,1,0,0,0,1,0,0,1,0,511.58
421,0,1,0,1,1,0,0,0,1,0,0,1,0,562.677
422,0,1,1,0,1,0,0,0,1,0,0,1,0,513.233
423,0,1,1,1,1,0,0,0,1,0,0,1,0,564.2
424,0,0,0,0,1,1,0,0,1,0,0,1,0,433.223
425,0,0,1,0,1,1,0,0,1,0,0,1,0,432.667
426,0,1,0,0,1,1,0,0,1,0,0,1,0,428.383
427,0,1,1,0,1,1,0,0,1,0,0,1,0,427.753
428,0,0,0,1,1,1,0,0,1,0,0,1,0,482.877
429,0,1,0,1,1,1,0,0,1,0,0,1,0,476.913
430,0,0,1,1,1,1,0,0,1,0,0,1,0,482.257
431,0,1,1,1,1,1,0,0,1,0,0,1,0,476.33
432,0,0,0,0,1,0,1,0,1,0,0,1,0,519.153
433,0,0,1,0,1,0,1,0,1,0,0,1,0,521.607
434,0,0,0,1,1,0,1,0,1,0,0,1,0,571.31
435,0,0,1,1,1,0,1,0,1,0,0,1,0,573.4
436,0,0,0,0,1,1,1,0,1,0,0,1,0,433.153
437,0,0,0,1,1,1,1,0,1,0,0,1,0,482.613
438,0,0,1,0,1,1,1,0,1,0,0,1,0,432.797
439,0,0,1,1,1,1,1,0,1,0,0,1,0,482.04
440,0,1,0,0,1,0,1,0,1,0,0,1,0,511.343
441,0,1,1,0,1,0,1,0,1,0,0,1,0,513
442,0,1,0,0,1,1,1,0,1,0,0,1,0,428.073
443,0,1,1,0,1,1,1,0,1,0,0,1,0,427.477
444,0,1,0,1,1,0,1,0,1,0,0,1,0,562.297
445,0,1,0,1,1,1,1,0,1,0,0,1,0,476.953
446,0,1,1,1,1,0,1,0,1,0,0,1,0,564.03
447,0,1,1,1,1,1,1,0,1,0,0,1,0,476.127
448,1,0,0,0,0,0,0,0,1,0,0,1,0,425.15
449,1,0,1,0,0,0,0,0,1,0,0,1,0,427.07
450,1,0,0,1,0,0,0,0,1,0,0,1,0,493.893
451,1,0,1,1,0,0,0,0,1,0,0,1,0,495.1
452,1,1,0,0,0,0,0,0,1,0,0,1,0,418.563
453,1,1,0,1,0,0,0,0,1,0,0,1,0,486.637
454,1,1,1,0,0,0,0,0,1,0,0,1,0,420.01
455,1,1,1,1,0,0,0,0,1,0,0,1,0,487.373
456,1,0,0,0,0,0,1,0,1,0,0,1,0,424.82
457,1,0,1,0,0,0,1,0,1,0,0,1,0,426.75
458,1,1,0,0,0,0,1,0,1,0,0,1,0,418.123
459,1,1,1,0,0,0,1,0,1,0,0,1,0,419.82
460,1,0,0,1,0,0,1,0,1,0,0,1,0,493.44
461,1,1,0,1,0,0,1,0,1,0,0,1,0,486.57
462,1,0,1,1,0,0,1,0,1,0,0,1,0,494.267
463,1,1,1,1,0,0,1,0,1,0,0,1,0,487.057
464,1,0,0,0,1,0,0,0,1,0,0,1,0,492.307
465,1,0,1,0,1,0,0,0,1,0,0,1,0,494.233
466,1,0,0,1,1,0,0,0,1,0,0,1,0,543.463
467,1,0,1,1,1,0,0,0,1,0,0,1,0,544.74
468,1,0,0,0,1,0,1,0,1,0,0,1,0,492.353
469,1,0,0,1,1,0,1,0,1,0,0,1,0,543.217
470,1,0,1,0,1,0,1,0,1,0,0,1,0,493.71
471,1,0,1,1,1,0,1,0,1,0,0,1,0,544.75
472,1,1,0,0,1,0,0,0,1,0,0,1,0,485.477
473,1,1,1,0,1,0,0,0,1,0,0,1,0,487.01
474,1,1,0,0,1,0,1,0,1,0,0,1,0,485.523
475,1,1,1,0,1,0,1,0,1,0,0,1,0,486.827
476,1,1,0,1,1,0,0,0,1,0,0,1,0,535.8
477,1,1,0,1,1,0,1,0,1,0,0,1,0,535.86
478,1,1,1,1,1,0,0,0,1,0,0,1,0,537.143
479,1,1,1,1,1,0,1,0,1,0,0,1,0,536.877
480,1,0,0,0,0,1,0,0,1,0,0,1,0,369.81
481,1,0,1,0,0,1,0,0,1,0,0,1,0,368.987
482,1,0,0,1,0,1,0,0,1,0,0,1,0,433.86
483,1,0,1,1,0,1,0,0,1,0,0,1,0,433
484,1,1,0,0,0,1,0,0,1,0,0,1,0,364.76
485,1,1,0,1,0,1,0,0,1,0,0,1,0,428.413
486,1,1,1,0,0,1,0,0,1,0,0,1,0,363.937
487,1,1,1,1,0,1,0,0,1,0,0,1,0,427.243
488,1,0,0,0,1,1,0,0,1,0,0,1,0,414.847
489,1,0,1,0,1,1,0,0,1,0,0,1,0,414.173
490,1,1,0,0,1,1,0,0,1,0,0,1,0,408.75
491,1,1,1,0,1,1,0,0,1,0,0,1,0,408.073
492,1,0,0,1,1,1,0,0,1,0,0,1,0,463.39
493,1,1,0,1,1,1,0,0,1,0,0,1,0,456.707
494,1,0,1,1,1,1,0,0,1,0,0,1,0,462.57
495,1,1,1,1,1,1,0,0,1,0,0,1,0,455.68
496,1,0,0,0,0,1,1,0,1,0,0,1,0,369.463
497,1,0,1,0,0,1,1,0,1,0,0,1,0,368.63
498,1,0,0,1,0,1,1,0,1,0,0,1,0,433.693
499,1,0,1,1,0,1,1,0,1,0,0,1,0,432.77
500,1,0,0,0,1,1,1,0,1,0,0,1,0,414.687
501,1,0,0,1,1,1,1,0,1,0,0,1,0,463.347
502,1,0,1,0,1,1,1,0,1,0,0,1,0,413.88
503,1,0,1,1,1,1,1,0,1,0,0,1,0,462.437
504,1,1,0,0,0,1,1,0,1,0,0,1,0,364.347
505,1,1,1,0,0,1,1,0,1,0,0,1,0,363.56
506,1,1,0,0,1,1,1,0,1,0,0,1,0,408.617
507,1,1,1,0,1,1,1,0,1,0,0,1,0,407.687
508,1,1,0,1,0,1,1,0,1,0,0,1,0,428.16
509,1,1,0,1,1,1,1,0,1,0,0,1,0,456.363
510,1,1,1,1,0,1,1,0,1,0,0,1,0,427.06
511,1,1,1,1,1,1,1,0,1,0,0,1,0,455.4
512,0,0,0,0,0,0,0,0,0,1,0,1,0,445.577
513,0,0,1,0,0,0,0,0,0,1,0,1,0,447.627
514,0,0,0,1,0,0,0,0,0,1,0,1,0,516.767
515,0,0,1,1,0,0,0,0,0,1,0,1,0,518.8
516,0,1,0,0,0,0,0,0,0,1,0,1,0,439.107
517,0,1,0,1,0,0,0,0,0,1,0,1,0,508.983
518,0,1,1,0,0,0,0,0,0,1,0,1,0,440.673
519,0,1,1,1,0,0,0,0,0,1,0,1,0,510.21
520,0,0,0,0,0,0,1,0,0,1,0,1,0,445.487
521,0,0,1,0,0,0,1,0,0,1,0,1,0,447.647
522,0,1,0,0,0,0,1,0,0,1,0,1,0,439.02
523,0,1,1,0,0,0,1,0,0,1,0,1,0,440.41
524,0,0,0,1,0,0,1,0,0,1,0,1,0,516.587
525,0,1,0,1,0,0,1,0,0,1,0,1,0,508.547
526,0,0,1,1,0,0,1,0,0,1,0,1,0,518.567
527,0,1,1,1,0,0,1,0,0,1,0,1,0,509.803
528,0,0,0,0,0,1,0,0,0,1,0,1,0,384.197
529,0,0,1,0,0,1,0,0,0,1,0,1,0,383.26
530,0,0,0,1,0,1,0,0,0,1,0,1,0,450.157
531,0,0,1,1,0,1,0,0,0,1,0,1,0,449.383
532,0,0,0,0,0,1,1,0,0,1,0,1,0,383.89
533,0,0,0,1,0,1,1,0,0,1,0,1,0,450.13
534,0,0,1,0,0,1,1,0,0,1,0,1,0,382.98
535,0,0,1,1,0,1,1,0,0,1,0,1,0,449.03
536,0,1,0,0,0,1,0,0,0,1,0,1,0,381.403
537,0,1,1,0,0,1,0,0,0,1,0,1,0,380.527
538,0,1,0,0,0,1,1,0,0,1,0,1,0,381.213
539,0,1,1,0,0,1,1,0,0,1,0,1,0,380.18
540,0,1,0,1,0,1,0,0,0,1,0,1,0,446.64
541,0,1,0,1,0,1,1,0,0,1,0,1,0,446.63
542,0,1,1,1,0,1,0,0,0,1,0,1,0,445.667
543,0,1,1,1,0,1,1,0,0,1,0,1,0,445.213
544,1,0,0,0,0,0,0,0,0,1,0,1,0,426.417
545,1,0,1,0,0,0,0,0,0,1,0,1,0,428.027
546,1,0,0,1,0,0,0,0,0,1,0,1,0,494.597
547,1,0,1,1,0,0,0,0,0,1,0,1,0,495.56
548,1,1,0,0,0,0,0,0,0,1,0,1,0,419.7
549,1,1,0,1,0,0,0,0,0,1,0,1,0,487.737
550,1,1,1,0,0,0,0,0,0,1,0,1,0,421.113
551,1,1,1,1,0,0,0,0,0,1,0,1,0,488.773
552,1,0,0,0,0,1,0,0,0,1,0,1,0,370.77
553,1,0,1,0,0,1,0,0,0,1,0,1,0,369.68
554,1,1,0,0,0,1,0,0,0,1,0,1,0,365.903
555,1,1,1,0,0,1,0,0,0,1,0,1,0,365.04
556,1,0,0,1,0,1,0,0,0,1,0,1,0,434.97
557,1,1,0,1,0,1,0,0,0,1,0,1,0,429.643
558,1,0,1,1,0,1,0,0,0,1,0,1,0,433.913
559,1,1,1,1,0,1,0,0,0,1,0,1,0,428.263
560,1,0,0,0,0,0,1,0,0,1,0,1,0,425.873
561,1,0,1,0,0,0,1,0,0,1,0,1,0,427.797
562,1,0,0,1,0,0,1,0,0,1,0,1,0,494.32
563,1,0,1,1,0,0,1,0,0,1,0,1,0,495.45
564,1,0,0,0,0,1,1,0,0,1,0,1,0,370.557
565,1,0,0,1,0,1,1,0,0,1,0,1,0,434.643
566,1,0,1,0,0,1,1,0,0,1,0,1,0,369.617
567,1,0,1,1,0,1,1,0,0,1,0,1,0,433.927
568,1,1,0,0,0,0,1,0,0,1,0,1,0,419.397
569,1,1,1,0,0,0,1,0,0,1,0,1,0,420.683
570,1,1,0,0,0,1,1,0,0,1,0,1,0,365.443
571,1,1,1,0,0,1,1,0,0,1,0,1,0,364.497
572,1,1,0,1,0,0,1,0,0,1,0,1,0,487.583
573,1,1,0,1,0,1,1,0,0,1,0,1,0,429.257
574,1,1,1,1,0,0,1,0,0,1,0,1,0,488.26
575,1,1,1,1,0,1,1,0,0,1,0,1,0,428.157
576,0,0,0,0,1,0,0,0,0,1,0,1,0,519.413
577,0,0,1,0,1,0,0,0,0,1,0,1,0,521.98
578,0,0,0,1,1,0,0,0,0,1,0,1,0,571.51
579,0,0,1,1,1,0,0,0,0,1,0,1,0,573.757
580,0,1,0,0,1,0,0,0,0,1,0,1,0,511.373
581,0,1,0,1,1,0,0,0,0,1,0,1,0,562.923
582,0,1,1,0,1,0,0,0,0,1,0,1,0,513.523
583,0,1,1,1,1,0,0,0,0,1,0,1,0,564.167
584,0,0,0,0,1,0,1,0,0,1,0,1,0,518.96
585,0,0,1,0,1,0,1,0,0,1,0,1,0,521.51
586,0,1,0,0,1,0,1,0,0,1,0,1,0,511.407
587,0,1,1,0,1,0,1,0,0,1,0,1,0,512.773
588,0,0,0,1,1,0,1,0,0,1,0,1,0,571.473
589,0,1,0,1,1,0,1,0,0,1,0,1,0,562.187
590,0,0,1,1,1,0,1,0,0,1,0,1,0,573.24
591,0,1,1,1,1,0,1,0,0,1,0,1,0,564.147
592,1,0,0,0,1,0,0,0,0,1,0,1,0,492.367
593,1,0,1,0,1,0,0,0,0,1,0,1,0,494.34
594,1,0,0,1,1,0,0,0,0,1,0,1,0,543.523
595,1,0,1,1,1,0,0,0,0,1,0,1,0,544.823
596,1,0,0,0,1,0,1,0,0,1,0,1,0,492.36
597,1,0,0,1,1,0,1,0,0,1,0,1,0,543.083
598,1,0,1,0,1,0,1,0,0,1,0,1,0,493.703
599,1,0,1,1,1,0,1,0,0,1,0,1,0,544.58
600,1,1,0,0,1,0,0,0,0,1,0,1,0,485.59
601,1,1,1,0,1,0,0,0,0,1,0,1,0,486.973
602,1,1,0,0,1,0,1,0,0,1,0,1,0,485.437
603,1,1,1,0,1,0,1,0,0,1,0,1,0,487.117
604,1,1,0,1,1,0,0,0,0,1,0,1,0,535.707
605,1,1,0,1,1,0,1,0,0,1,0,1,0,535.553
606,1,1,1,1,1,0,0,0,0,1,0,1,0,537.113
607,1,1,1,1,1,0,1,0,0,1,0,1,0,536.85
608,0,0,0,0,1,1,0,0,0,1,0,1,0,433.223
609,0,0,1,0,1,1,0,0,0,1,0,1,0,432.757
610,0,0,0,1,1,1,0,0,0,1,0,1,0,482.817
611,0,0,1,1,1,1,0,0,0,1,0,1,0,482.377
612,0,1,0,0,1,1,0,0,0,1,0,1,0,428.373
613,0,1,0,1,1,1,0,0,0,1,0,1,0,476.863
614,0,1,1,0,1,1,0,0,0,1,0,1,0,427.793
615,0,1,1,1,1,1,0,0,0,1,0,1,0,476.31
616,1,0,0,0,1,1,0,0,0,1,0,1,0,414.997
617,1,0,1,0,1,1,0,0,0,1,0,1,0,414.243
618,1,1,0,0,1,1,0,0,0,1,0,1,0,408.683
619,1,1,1,0,1,1,0,0,0,1,0,1,0,407.99
620,1,0,0,1,1,1,0,0,0,1,0,1,0,463.31
621,1,1,0,1,1,1,0,0,0,1,0,1,0,456.617
622,1,0,1,1,1,1,0,0,0,1,0,1,0,462.74
623,1,1,1,1,1,1,0,0,0,1,0,1,0,455.72
624,0,0,0,0,1,1,1,0,0,1,0,1,0,433.213
625,0,0,1,0,1,1,1,0,0,1,0,1,0,432.677
626,0,0,0,1,1,1,1,0,0,1,0,1,0,482.64
627,0,0,1,1,1,1,1,0,0,1,0,1,0,482.08
628,1,0,0,0,1,1,1,0,0,1,0,1,0,414.67
629,1,0,0,1,1,1,1,0,0,1,0,1,0,463.5
630,1,0,1,0,1,1,1,0,0,1,0,1,0,413.913
631,1,0,1,1,1,1,1,0,0,1,0,1,0,462.5
632,0,1,0,0,1,1,1,0,0,1,0,1,0,428.02
633,0,1,1,0,1,1,1,0,0,1,0,1,0,427.52
634,1,1,0,0,1,1,1,0,0,1,0,1,0,408.607
635,1,1,1,0,1,1,1,0,0,1,0,1,0,407.763
636,0,1,0,1,1,1,1,0,0,1,0,1,0,476.9
637,1,1,0,1,1,1,1,0,0,1,0,1,0,456.437
638,0,1,1,1,1,1,1,0,0,1,0,1,0,476.093
639,1,1,1,1,1,1,1,0,0,1,0,1,0,455.513
640,0,0,0,0,0,0,0,1,0,0,0,1,0,442.25
641,0,0,0,1,0,0,0,1,0,0,0,1,0,514.17
642,0,1,0,0,0,0,0,1,0,0,0,1,0,436.117
643,0,1,0,1,0,0,0,1,0,0,0,1,0,505.857
644,0,0,0,0,0,0,1,1,0,0,0,1,0,442.547
645,0,1,0,0,0,0,1,1,0,0,0,1,0,435.977
646,0,0,0,1,0,0,1,1,0,0,0,1,0,513.53
647,0,1,0,1,0,0,1,1,0,0,0,1,0,505.637
648,0,0,0,0,0,1,0,1,0,0,0,1,0,381.123
649,0,0,0,1,0,1,0,1,0,0,0,1,0,447.423
650,0,0,0,0,0,1,1,1,0,0,0,1,0,380.84
651,0,0,0,1,0,1,1,1,0,0,0,1,0,447.137
652,0,1,0,0,0,1,0,1,0,0,0,1,0,378.417
653,0,1,0,0,0,1,1,1,0,0,0,1,0,378.283
654,0,1,0,1,0,1,0,1,0,0,0,1,0,443.92
655,0,1,0,1,0,1,1,1,0,0,0,1,0,443.647
656,0,0,0,0,1,0,0,1,0,0,0,1,0,519.587
657,0,0,0,1,1,0,0,1,0,0,0,1,0,571.567
658,0,1,0,0,1,0,0,1,0,0,0,1,0,511.693
659,0,1,0,1,1,0,0,1,0,0,0,1,0,562.57
660,0,0,0,0,1,1,0,1,0,0,0,1,0,433.223
661,0,1,0,0,1,1,0,1,0,0,0,1,0,428.427
662,0,0,0,1,1,1,0,1,0,0,0,1,0,482.903
663,0,1,0,1,1,1,0,1,0,0,0,1,0,476.997
664,0,0,0,0,1,0,1,1,0,0,0,1,0,519.027
665,0,0,0,1,1,0,1,1,0,0,0,1,0,571.35
666,0,0,0,0,1,1,1,1,0,0,0,1,0,433.267
667,0,0,0,1,1,1,1,1,0,0,0,1,0,482.59
668,0,1,0,0,1,0,1,1,0,0,0,1,0,511.48
669,0,1,0,0,1,1,1,1,0,0,0,1,0,428.083
670,0,1,0,1,1,0,1,1,0,0,0,1,0,562.183
671,0,1,0,1,1,1,1,1,0,0,0,1,0,476.937
672,0,0,1,0,0,0,0,1,0,0,0,1,0,444.71
673,0,0,1,1,0,0,0,1,0,0,0,1,0,516.22
674,0,1,1,0,0,0,0,1,0,0,0,1,0,437.92
675,0,1,1,1,0,0,0,1,0,0,0,1,0,507.403
676,0,0,1,0,0,0,1,1,0,0,0,1,0,444.52
677,0,1,1,0,0,0,1,1,0,0,0,1,0,437.483
678,0,0,1,1,0,0,1,1,0,0,0,1,0,515.687
679,0,1,1,1,0,0,1,1,0,0,0,1,0,506.93
680,0,0,1,0,1,0,0,1,0,0,0,1,0,521.7
681,0,0,1,1,1,0,0,1,0,0,0,1,0,573.653
682,0,0,1,0,1,0,1,1,0,0,0,1,0,521.443
683,0,0,1,1,1,0,1,1,0,0,0,1,0,573.46
684,0,1,1,0,1,0,0,1,0,0,0,1,0,513.233
685,0,1,1,0,1,0,1,1,0,0,0,1,0,512.87
686,0,1,1,1,1,0,0,1,0,0,0,1,0,564.093
687,0,1,1,1,1,0,1,1,0,0,0,1,0,564.063
688,0,0,1,0,0,1,0,1,0,0,0,1,0,380.147
689,0,0,1,1,0,1,0,1,0,0,0,1,0,446.68
690,0,1,1,0,0,1,0,1,0,0,0,1,0,377.83
691,0,1,1,1,0,1,0,1,0,0,0,1,0,442.81
692,0,0,1,0,1,1,0,1,0,0,0,1,0,432.773
693,0,1,1,0,1,1,0,1,0,0,0,1,0,427.66
694,0,0,1,1,1,1,0,1,0,0,0,1,0,482.373
695,0,1,1,1,1,1,0,1,0,0,0,1,0,476.223
696,0,0,1,0,0,1,1,1,0,0,0,1,0,380.1
697,0,0,1,1,0,1,1,1,0,0,0,1,0,446.25
698,0,0,1,0,1,1,1,1,0,0,0,1,0,432.723
699,0,0,1,1,1,1,1,1,0,0,0,1,0,482.083
700,0,1,1,0,0,1,1,1,0,0,0,1,0,377.503
701,0,1,1,0,1,1,1,1,0,0,0,1,0,427.493
702,0,1,1,1,0,1,1,1,0,0,0,1,0,442.5
703,0,1,1,1,1,1,1,1,0,0,0,1,0,476.1
704,1,0,0,0,0,0,0,1,0,0,0,1,0,423.077
705,1,0,0,1,0,0,0,1,0,0,0,1,0,492.127
706,1,1,0,0,0,0,0,1,0,0,0,1,0,416.887
707,1,1,0,1,0,0,0,1,0,0,0,1,0,484.853
708,1,0,0,0,0,0,1,1,0,0,0,1,0,422.647
709,1,1,0,0,0,0,1,1,0,0,0,1,0,416.263
710,1,0,0,1,0,0,1,1,0,0,0,1,0,491.687
711,1,1,0,1,0,0,1,1,0,0,0,1,0,484.29
712,1,0,0,0,0,1,0,1,0,0,0,1,0,367.963
713,1,0,0,1,0,1,0,1,0,0,0,1,0,432.143
714,1,0,0,0,0,1,1,1,0,0,0,1,0,367.543
715,1,0,0,1,0,1,1,1,0,0,0,1,0,432.03
716,1,1,0,0,0,1,0,1,0,0,0,1,0,362.627
717,1,1,0,0,0,1,1,1,0,0,0,1,0,362.613
718,1,1,0,1,0,1,0,1,0,0,0,1,0,426.527
719,1,1,0,1,0,1,1,1,0,0,0,1,0,426.443
720,1,0,1,0,0,0,0,1,0,0,0,1,0,425.063
721,1,0,1,1,0,0,0,1,0,0,0,1,0,493.307
722,1,1,1,0,0,0,0,1,0,0,0,1,0,418.19
723,1,1,1,1,0,0,0,1,0,0,0,1,0,485.537
724,1,0,1,0,0,1,0,1,0,0,0,1,0,367.067
725,1,1,1,0,0,1,0,1,0,0,0,1,0,362.037
726,1,0,1,1,0,1,0,1,0,0,0,1,0,431
727,1,1,1,1,0,1,0,1,0,0,0,1,0,425.247
728,1,0,1,0,0,0,1,1,0,0,0,1,0,424.49
729,1,0,1,1,0,0,1,1,0,0,0,1,0,492.663
730,1,0,1,0,0,1,1,1,0,0,0,1,0,366.837
731,1,0,1,1,0,1,1,1,0,0,0,1,0,430.697
732,1,1,1,0,0,0,1,1,0,0,0,1,0,417.633
733,1,1,1,0,0,1,1,1,0,0,0,1,0,361.703
734,1,1,1,1,0,0,1,1,0,0,0,1,0,485.35
735,1,1,1,1,0,1,1,1,0,0,0,1,0,424.89
736,1,0,0,0,1,0,0,1,0,0,0,1,0,492.623
737,1,0,0,1,1,0,0,1,0,0,0,1,0,543.59
738,1,1,0,0,1,0,0,1,0,0,0,1,0,485.66
739,1,1,0,1,1,0,0,1,0,0,0,1,0,535.627
740,1,0,0,0,1,0,1,1,0,0,0,1,0,492.267
741,1,1,0,0,1,0,1,1,0,0,0,1,0,485.583
742,1,0,0,1,1,0,1,1,0,0,0,1,0,543.03
743,1,1,0,1,1,0,1,1,0,0,0,1,0,535.697
744,1,0,1,0,1,0,0,1,0,0,0,1,0,494.257
745,1,0,1,1,1,0,0,1,0,0,0,1,0,545.017
746,1,0,1,0,1,0,1,1,0,0,0,1,0,493.987
747,1,0,1,1,1,0,1,1,0,0,0,1,0,544.507
748,1,1,1,0,1,0,0,1,0,0,0,1,0,487.09
749,1,1,1,0,1,0,1,1,0,0,0,1,0,486.817
750,1,1,1,1,1,0,0,1,0,0,0,1,0,537.153
751,1,1,1,1,1,0,1,1,0,0,0,1,0,536.95
752,1,0,0,0,1,1,0,1,0,0,0,1,0,414.833
753,1,0,0,1,1,1,0,1,0,0,0,1,0,463.24
754,1,1,0,0,1,1,0,1,0,0,0,1,0,408.84
755,1,1,0,1,1,1,0,1,0,0,0,1,0,456.74
756,1,0,1,0,1,1,0,1,0,0,0,1,0,414.23
757,1,1,1,0,1,1,0,1,0,0,0,1,0,408.07
758,1,0,1,1,1,1,0,1,0,0,0,1,0,462.627
759,1,1,1,1,1,1,0,1,0,0,0,1,0,455.64
760,1,0,0,0,1,1,1,1,0,0,0,1,0,414.737
761,1,0,0,1,1,1,1,1,0,0,0,1,0,463.363
762,1,0,1,0,1,1,1,1,0,0,0,1,0,414.033
763,1,0,1,1,1,1,1,1,0,0,0,1,0,462.473
764,1,1,0,0,1,1,1,1,0,0,0,1,0,408.627
765,1,1,1,0,1,1,1,1,0,0,0,1,0,407.757
766,1,1,0,1,1,1,1,1,0,0,0,1,0,456.37
767,1,1,1,1,1,1,1,1,0,0,0,1,0,455.493
768,0,0,0,0,0,0,0,1,0,0,0,0,1,611.043
769,0,0,0,1,0,0,0,1,0,0,0,0,1,740.21
770,0,1,0,0,0,0,0,1,0,0,0,0,1,602.713
771,0,1,0,1,0,0,0,1,0,0,0,0,1,730.01
772,0,0,0,0,0,0,1,1,0,0,0,0,1,610.823
773,0,1,0,0,0,0,1,1,0,0,0,0,1,601.59
774,0,0,0,1,0,0,1,1,0,0,0,0,1,739.903
775,0,1,0,1,0,0,1,1,0,0,0,0,1,729.3
776,0,0,0,0,0,1,0,1,0,0,0,0,1,510.01
777,0,0,0,1,0,1,0,1,0,0,0,0,1,631.043
778,0,0,0,0,0,1,1,1,0,0,0,0,1,509.523
779,0,0,0,1,0,1,1,1,0,0,0,0,1,630.577
780,0,1,0,0,0,1,0,1,0,0,0,0,1,507.247
781,0,1,0,0,0,1,1,1,0,0,0,0,1,506.88
782,0,1,0,1,0,1,0,1,0,0,0,0,1,627.053
783,0,1,0,1,0,1,1,1,0,0,0,0,1,627.113
784,0,0,0,0,1,0,0,1,0,0,0,0,1,721.487
785,0,0,0,1,1,0,0,1,0,0,0,0,1,817.793
786,0,1,0,0,1,0,0,1,0,0,0,0,1,712.743
787,0,1,0,1,1,0,0,1,0,0,0,0,1,807.333
788,0,0,0,0,1,1,0,1,0,0,0,0,1,580.737
789,0,1,0,0,1,1,0,1,0,0,0,0,1,576.54
790,0,0,0,1,1,1,0,1,0,0,0,0,1,672.373
791,0,1,0,1,1,1,0,1,0,0,0,0,1,666.553
792,0,0,0,0,1,0,1,1,0,0,0,0,1,721.757
793,0,0,0,1,1,0,1,1,0,0,0,0,1,817.34
794,0,0,0,0,1,1,1,1,0,0,0,0,1,580.73
795,0,0,0,1,1,1,1,1,0,0,0,0,1,672.137
796,0,1,0,0,1,0,1,1,0,0,0,0,1,712.81
797,0,1,0,0,1,1,1,1,0,0,0,0,1,576.217
798,0,1,0,1,1,0,1,1,0,0,0,0,1,807.017
799,0,1,0,1,1,1,1,1,0,0,0,0,1,666.25
800,1,0,0,0,0,0,0,1,0,0,0,0,1,585.35
801,1,0,0,1,0,0,0,1,0,0,0,0,1,711.233
802,1,1,0,0,0,0,0,1,0,0,0,0,1,579.177
803,1,1,0,1,0,0,0,1,0,0,0,0,1,704.22
804,1,0,0,0,0,0,1,1,0,0,0,0,1,584.82
805,1,1,0,0,0,0,1,1,0,0,0,0,1,579.023
806,1,0,0,1,0,0,1,1,0,0,0,0,1,711.293
807,1,1,0,1,0,0,1,1,0,0,0,0,1,703.5
808,1,0,0,0,1,0,0,1,0,0,0,0,1,687.39
809,1,0,0,1,1,0,0,1,0,0,0,0,1,780.93
810,1,0,0,0,1,0,1,1,0,0,0,0,1,687.093
811,1,0,0,1,1,0,1,1,0,0,0,0,1,780.657
812,1,1,0,0,1,0,0,1,0,0,0,0,1,680.647
813,1,1,0,0,1,0,1,1,0,0,0,0,1,680.617
814,1,1,0,1,1,0,0,1,0,0,0,0,1,773.67
815,1,1,0,1,1,0,1,1,0,0,0,0,1,773.277
816,1,0,0,0,0,1,0,1,0,0,0,0,1,496.893
817,1,0,0,1,0,1,0,1,0,0,0,0,1,615.337
818,1,1,0,0,0,1,0,1,0,0,0,0,1,491.52
819,1,1,0,1,0,1,0,1,0,0,0,0,1,609.33
820,1,0,0,0,1,1,0,1,0,0,0,0,1,561.927
821,1,1,0,0,1,1,0,1,0,0,0,0,1,556.513
822,1,0,0,1,1,1,0,1,0,0,0,0,1,652.467
823,1,1,0,1,1,1,0,1,0,0,0,0,1,645.447
824,1,0,0,0,0,1,1,1,0,0,0,0,1,496.23
825,1,0,0,1,0,1,1,1,0,0,0,0,1,615.057
826,1,0,0,0,1,1,1,1,0,0,0,0,1,561.96
827,1,0,0,1,1,1,1,1,0,0,0,0,1,652.55
828,1,1,0,0,0,1,1,1,0,0,0,0,1,491.237
829,1,1,0,0,1,1,1,1,0,0,0,0,1,556.327
830,1,1,0,1,0,1,1,1,0,0,0,0,1,608.997
831,1,1,0,1,1,1,1,1,0,0,0,0,1,645.377
832,0,0,1,0,0,0,0,1,0,0,0,0,1,615.287
833,0,0,1,1,0,0,0,1,0,0,0,0,1,743.163
834,0,1,1,0,0,0,0,1,0,0,0,0,1,605.273
835,0,1,1,1,0,0,0,1,0,0,0,0,1,732.007
836,0,0,1,0,0,0,1,1,0,0,0,0,1,614.57
837,0,1,1,0,0,0,1,1,0,0,0,0,1,604.917
838,0,0,1,1,0,0,1,1,0,0,0,0,1,743.123
839,0,1,1,1,0,0,1,1,0,0,0,0,1,731.193
840,0,0,1,0,0,1,0,1,0,0,0,0,1,508.71
841,0,0,1,1,0,1,0,1,0,0,0,0,1,629.62
842,0,0,1,0,0,1,1,1,0,0,0,0,1,508.423
843,0,0,1,1,0,1,1,1,0,0,0,0,1,629.39
844,0,1,1,0,0,1,0,1,0,0,0,0,1,506.36
845,0,1,1,0,0,1,1,1,0,0,0,0,1,506.223
846,0,1,1,1,0,1,0,1,0,0,0,0,1,625.797
847,0,1,1,1,0,1,1,1,0,0,0,0,1,625.71
848,1,0,1,0,0,0,0,1,0,0,0,0,1,588.673
849,1,0,1,1,0,0,0,1,0,0,0,0,1,713.673
850,1,1,1,0,0,0,0,1,0,0,0,0,1,581.407
851,1,1,1,1,0,0,0,1,0,0,0,0,1,705.453
852,1,0,1,0,0,1,0,1,0,0,0,0,1,495.723
853,1,1,1,0,0,1,0,1,0,0,0,0,1,490.473
854,1,0,1,1,0,1,0,1,0,0,0,0,1,613.763
855,1,1,1,1,0,1,0,1,0,0,0,0,1,607.627
856,1,0,1,0,0,0,1,1,0,0,0,0,1,588.67
857,1,0,1,1,0,0,1,1,0,0,0,0,1,713.39
858,1,0,1,0,0,1,1,1,0,0,0,0,1,495.49
859,1,0,1,1,0,1,1,1,0,0,0,0,1,613.397
860,1,1,1,0,0,0,1,1,0,0,0,0,1,581.243
861,1,1,1,0,0,1,1,1,0,0,0,0,1,490.043
862,1,1,1,1,0,0,1,1,0,0,0,0,1,704.807
863,1,1,1,1,0,1,1,1,0,0,0,0,1,607.377
864,0,0,1,0,1,0,0,1,0,0,0,0,1,726.89
865,0,0,1,1,1,0,0,1,0,0,0,0,1,821.52
866,0,1,1,0,1,0,0,1,0,0,0,0,1,716.033
867,0,1,1,1,1,0,0,1,0,0,0,0,1,809.937
868,0,0,1,0,1,0,1,1,0,0,0,0,1,726.51
869,0,1,1,0,1,0,1,1,0,0,0,0,1,715.923
870,0,0,1,1,1,0,1,1,0,0,0,0,1,821.963
871,0,1,1,1,1,0,1,1,0,0,0,0,1,809.57
872,1,0,1,0,1,0,0,1,0,0,0,0,1,690.59
873,1,0,1,1,1,0,0,1,0,0,0,0,1,784.02
874,1,0,1,0,1,0,1,1,0,0,0,0,1,690.463
875,1,0,1,1,1,0,1,1,0,0,0,0,1,783.493
876,1,1,1,0,1,0,0,1,0,0,0,0,1,683.75
877,1,1,1,0,1,0,1,1,0,0,0,0,1,683.42
878,1,1,1,1,1,0,0,1,0,0,0,0,1,775.853
879,1,1,1,1,1,0,1,1,0,0,0,0,1,775.803
880,0,0,1,0,1,1,0,1,0,0,0,0,1,580.543
881,0,0,1,1,1,1,0,1,0,0,0,0,1,671.73
882,0,1,1,0,1,1,0,1,0,0,0,0,1,575.863
883,0,1,1,1,1,1,0,1,0,0,0,0,1,665.223
884,1,0,1,0,1,1,0,1,0,0,0,0,1,561.79
885,1,1,1,0,1,1,0,1,0,0,0,0,1,555.58
886,1,0,1,1,1,1,0,1,0,0,0,0,1,651.703
887,1,1,1,1,1,1,0,1,0,0,0,0,1,644.157
888,0,0,1,0,1,1,1,1,0,0,0,0,1,580.373
889,0,0,1,1,1,1,1,1,0,0,0,0,1,671.4
890,1,0,1,0,1,1,1,1,0,0,0,0,1,561.373
891,1,0,1,1,1,1,1,1,0,0,0,0,1,651.203
892,0,1,1,0,1,1,1,1,0,0,0,0,1,575.477
893,1,1,1,0,1,1,1,1,0,0,0,0,1,555.203
894,0,1,1,1,1,1,1,1,0,0,0,0,1,665.283
895,1,1,1,1,1,1,1,1,0,0,0,0,1,643.96
896,0,0,0,0,0,0,0,0,0,1,0,0,1,613.447
897,0,0,0,1,0,0,0,0,0,1,0,0,1,742.463
898,0,1,0,0,0,0,0,0,0,1,0,0,1,604.887
899,0,1,0,1,0,0,0,0,0,1,0,0,1,731.76
900,0,0,0,0,0,0,1,0,0,1,0,0,1,613.517
901,0,1,0,0,0,0,1,0,0,1,0,0,1,604.483
902,0,0,0,1,0,0,1,0,0,1,0,0,1,741.887
903,0,1,0,1,0,0,1,0,0,1,0,0,1,731.41
904,0,0,0,0,0,1,0,0,0,1,0,0,1,511.507
905,0,0,0,1,0,1,0,0,0,1,0,0,1,632.943
906,0,0,0,0,0,1,1,0,0,1,0,0,1,511.733
907,0,0,0,1,0,1,1,0,0,1,0,0,1,632.827
908,0,1,0,0,0,1,0,0,0,1,0,0,1,509.893
909,0,1,0,0,0,1,1,0,0,1,0,0,1,509.473
910,0,1,0,1,0,1,0,0,0,1,0,0,1,629.337
911,0,1,0,1,0,1,1,0,0,1,0,0,1,629.397
912,0,0,0,0,1,0,0,0,0,1,0,0,1,721.873
913,0,0,0,1,1,0,0,0,0,1,0,0,1,817.99
914,0,1,0,0,1,0,0,0,0,1,0,0,1,712.87
915,0,1,0,1,1,0,0,0,0,1,0,0,1,807.437
916,0,0,0,0,1,1,0,0,0,1,0,0,1,580.74
917,0,1,0,0,1,1,0,0,0,1,0,0,1,576.48
918,0,0,0,1,1,1,0,0,0,1,0,0,1,672.6
919,0,1,0,1,1,1,0,0,0,1,0,0,1,666.687
920,0,0,0,0,1,0,1,0,0,1,0,0,1,721.867
921,0,0,0,1,1,0,1,0,0,1,0,0,1,817.353
922,0,0,0,0,1,1,1,0,0,1,0,0,1,580.607
923,0,0,0,1,1,1,1,0,0,1,0,0,1,672.207
924,0,1,0,0,1,0,1,0,0,1,0,0,1,712.727
925,0,1,0,0,1,1,1,0,0,1,0,0,1,576.247
926,0,1,0,1,1,0,1,0,0,1,0,0,1,806.923
927,0,1,0,1,1,1,1,0,0,1,0,0,1,666.33
928,0,0,1,0,0,0,0,0,0,1,0,0,1,617.42
929,0,0,1,1,0,0,0,0,0,1,0,0,1,745.597
930,0,1,1,0,0,0,0,0,0,1,0,0,1,607.927
931,0,1,1,1,0,0,0,0,0,1,0,0,1,734.21
932,0,0,1,0,0,0,1,0,0,1,0,0,1,616.96
933,0,1,1,0,0,0,1,0,0,1,0,0,1,607.7
934,0,0,1,1,0,0,1,0,0,1,0,0,1,745.443
935,0,1,1,1,0,0,1,0,0,1,0,0,1,733.763
936,0,0,1,0,1,0,0,0,0,1,0,0,1,726.917
937,0,0,1,1,1,0,0,0,0,1,0,0,1,821.76
938,0,0,1,0,1,0,1,0,0,1,0,0,1,726.6
939,0,0,1,1,1,0,1,0,0,1,0,0,1,821.51
940,0,1,1,0,1,0,0,0,0,1,0,0,1,715.827
941,0,1,1,0,1,0,1,0,0,1,0,0,1,715.747
942,0,1,1,1,1,0,0,0,0,1,0,0,1,809.807
943,0,1,1,1,1,0,1,0,0,1,0,0,1,809.53
944,0,0,1,0,0,1,0,0,0,1,0,0,1,510.837
945,0,0,1,1,0,1,0,0,0,1,0,0,1,631.737
946,0,1,1,0,0,1,0,0,0,1,0,0,1,508.767
947,0,1,1,1,0,1,0,0,0,1,0,0,1,628.15
948,0,0,1,0,1,1,0,0,0,1,0,0,1,580.477
949,0,1,1,0,1,1,0,0,0,1,0,0,1,575.663
950,0,0,1,1,1,1,0,0,0,1,0,0,1,671.747
951,0,1,1,1,1,1,0,0,0,1,0,0,1,665.2
952,0,0,1,0,0,1,1,0,0,1,0,0,1,510.89
953,0,0,1,1,0,1,1,0,0,1,0,0,1,631.583
954,0,0,1,0,1,1,1,0,0,1,0,0,1,580.41
955,0,0,1,1,1,1,1,0,0,1,0,0,1,671.55
956,0,1,1,0,0,1,1,0,0,1,0,0,1,508.607
957,0,1,1,0,1,1,1,0,0,1,0,0,1,575.553
958,0,1,1,1,0,1,1,0,0,1,0,0,1,627.813
959,0,1,1,1,1,1,1,0,0,1,0,0,1,665.167
960,1,0,0,0,0,0,0,0,0,1,0,0,1,588.54
961,1,0,0,1,0,0,0,0,0,1,0,0,1,713.577
962,1,1,0,0,0,0,0,0,0,1,0,0,1,581.813
963,1,1,0,1,0,0,0,0,0,1,0,0,1,706.247
964,1,0,0,0,0,0,1,0,0,1,0,0,1,588.2
965,1,1,0,0,0,0,1,0,0,1,0,0,1,581.717
966,1,0,0,1,0,0,1,0,0,1,0,0,1,712.953
967,1,1,0,1,0,0,1,0,0,1,0,0,1,706.063
968,1,0,0,0,0,1,0,0,0,1,0,0,1,499.27
969,1,0,0,1,0,1,0,0,0,1,0,0,1,617.207
970,1,0,0,0,0,1,1,0,0,1,0,0,1,498.827
971,1,0,0,1,0,1,1,0,0,1,0,0,1,616.97
972,1,1,0,0,0,1,0,0,0,1,0,0,1,493.96
973,1,1,0,0,0,1,1,0,0,1,0,0,1,493.543
974,1,1,0,1,0,1,0,0,0,1,0,0,1,611.6
975,1,1,0,1,0,1,1,0,0,1,0,0,1,611.433
976,1,0,1,0,0,0,0,0,0,1,0,0,1,590.55
977,1,0,1,1,0,0,0,0,0,1,0,0,1,715.737
978,1,1,1,0,0,0,0,0,0,1,0,0,1,584.977
979,1,1,1,1,0,0,0,0,0,1,0,0,1,707.597
980,1,0,1,0,0,1,0,0,0,1,0,0,1,497.803
981,1,1,1,0,0,1,0,0,0,1,0,0,1,493.007
982,1,0,1,1,0,1,0,0,0,1,0,0,1,615.9
983,1,1,1,1,0,1,0,0,0,1,0,0,1,609.887
984,1,0,1,0,0,0,1,0,0,1,0,0,1,590.837
985,1,0,1,1,0,0,1,0,0,1,0,0,1,715.583
986,1,0,1,0,0,1,1,0,0,1,0,0,1,497.37
987,1,0,1,1,0,1,1,0,0,1,0,0,1,616.133
988,1,1,1,0,0,0,1,0,0,1,0,0,1,583.847
989,1,1,1,0,0,1,1,0,0,1,0,0,1,492.427
990,1,1,1,1,0,0,1,0,0,1,0,0,1,707.493
991,1,1,1,1,0,1,1,0,0,1,0,0,1,609.697
992,1,0,0,0,1,0,0,0,0,1,0,0,1,687.473
993,1,0,0,1,1,0,0,0,0,1,0,0,1,781.163
994,1,1,0,0,1,0,0,0,0,1,0,0,1,680.563
995,1,1,0,1,1,0,0,0,0,1,0,0,1,773.437
996,1,0,0,0,1,0,1,0,0,1,0,0,1,687.033
997,1,1,0,0,1,0,1,0,0,1,0,0,1,680.727
998,1,0,0,1,1,0,1,0,0,1,0,0,1,780.79
999,1,1,0,1,1,0,1,0,0,1,0,0,1,773.463
1000,1,0,1,0,1,0,0,0,0,1,0,0,1,690.873
1001,1,0,1,1,1,0,0,0,0,1,0,0,1,783.783
1002,1,0,1,0,1,0,1,0,0,1,0,0,1,690.39
1003,1,0,1,1,1,0,1,0,0,1,0,0,1,783.517
1004,1,1,1,0,1,0,0,0,0,1,0,0,1,683.52
1005,1,1,1,0,1,0,1,0,0,1,0,0,1,683.543
1006,1,1,1,1,1,0,0,0,0,1,0,0,1,775.81
1007,1,1,1,1,1,0,1,0,0,1,0,0,1,775.68
1008,1,0,0,0,1,1,0,0,0,1,0,0,1,561.847
1009,1,0,0,1,1,1,0,0,0,1,0,0,1,652.483
1010,1,1,0,0,1,1,0,0,0,1,0,0,1,556.63
1011,1,1,0,1,1,1,0,0,0,1,0,0,1,645.51
1012,1,0,1,0,1,1,0,0,0,1,0,0,1,561.933
1013,1,1,1,0,1,1,0,0,0,1,0,0,1,555.633
1014,1,0,1,1,1,1,0,0,0,1,0,0,1,651.64
1015,1,1,1,1,1,1,0,0,0,1,0,0,1,644.16
1016,1,0,0,0,1,1,1,0,0,1,0,0,1,561.97
1017,1,0,0,1,1,1,1,0,0,1,0,0,1,652.373
1018,1,0,1,0,1,1,1,0,0,1,0,0,1,561.333
1019,1,0,1,1,1,1,1,0,0,1,0,0,1,651.2
1020,1,1,0,0,1,1,1,0,0,1,0,0,1,556.34
1021,1,1,1,0,1,1,1,0,0,1,0,0,1,555.18
1022,1,1,0,1,1,1,1,0,0,1,0,0,1,645.38
1023,1,1,1,1,1,1,1,0,0,1,0,0,1,644.033
1024,0,0,0,0,0,0,0,0,1,0,0,0,1,612.97
1025,0,1,0,0,0,0,0,0,1,0,0,0,1,604.747
1026,0,0,0,0,0,0,1,0,1,0,0,0,1,612.643
1027,0,1,0,0,0,0,1,0,1,0,0,0,1,604.123
1028,0,0,0,0,0,1,0,0,1,0,0,0,1,511.153
1029,0,0,0,0,0,1,1,0,1,0,0,0,1,510.857
1030,0,1,0,0,0,1,0,0,1,0,0,0,1,509.37
1031,0,1,0,0,0,1,1,0,1,0,0,0,1,509.033
1032,0,0,0,0,1,0,0,0,1,0,0,0,1,721.563
1033,0,1,0,0,1,0,0,0,1,0,0,0,1,712.917
1034,0,0,0,0,1,1,0,0,1,0,0,0,1,580.877
1035,0,1,0,0,1,1,0,0,1,0,0,0,1,576.41
1036,0,0,0,0,1,0,1,0,1,0,0,0,1,722.037
1037,0,0,0,0,1,1,1,0,1,0,0,0,1,580.627
1038,0,1,0,0,1,0,1,0,1,0,0,0,1,712.637
1039,0,1,0,0,1,1,1,0,1,0,0,0,1,576.277
1040,1,0,0,0,0,0,0,0,1,0,0,0,1,587.773
1041,1,1,0,0,0,0,0,0,1,0,0,0,1,581.513
1042,1,0,0,0,0,0,1,0,1,0,0,0,1,587.24
1043,1,1,0,0,0,0,1,0,1,0,0,0,1,581.107
1044,1,0,0,0,1,0,0,0,1,0,0,0,1,687.6
1045,1,0,0,0,1,0,1,0,1,0,0,0,1,687.147
1046,1,1,0,0,1,0,0,0,1,0,0,0,1,680.557
1047,1,1,0,0,1,0,1,0,1,0,0,0,1,680.477
1048,1,0,0,0,0,1,0,0,1,0,0,0,1,498.49
1049,1,1,0,0,0,1,0,0,1,0,0,0,1,493.277
1050,1,0,0,0,1,1,0,0,1,0,0,0,1,561.96
1051,1,1,0,0,1,1,0,0,1,0,0,0,1,556.513
1052,1,0,0,0,0,1,1,0,1,0,0,0,1,497.99
1053,1,0,0,0,1,1,1,0,1,0,0,0,1,562.067
1054,1,1,0,0,0,1,1,0,1,0,0,0,1,492.937
1055,1,1,0,0,1,1,1,0,1,0,0,0,1,556.307
1056,0,0,0,1,0,0,0,0,1,0,0,0,1,741.59
1057,0,1,0,1,0,0,0,0,1,0,0,0,1,731.353
1058,0,0,0,1,0,0,1,0,1,0,0,0,1,741.207
1059,0,1,0,1,0,0,1,0,1,0,0,0,1,731.217
1060,0,0,0,1,0,1,0,0,1,0,0,0,1,632.127
1061,0,0,0,1,0,1,1,0,1,0,0,0,1,632.063
1062,0,1,0,1,0,1,0,0,1,0,0,0,1,628.757
1063,0,1,0,1,0,1,1,0,1,0,0,0,1,628.497
1064,1,0,0,1,0,0,0,0,1,0,0,0,1,712.54
1065,1,1,0,1,0,0,0,0,1,0,0,0,1,705.397
1066,1,0,0,1,0,1,0,0,1,0,0,0,1,616.687
1067,1,1,0,1,0,1,0,0,1,0,0,0,1,610.957
1068,1,0,0,1,0,0,1,0,1,0,0,0,1,712.667
1069,1,0,0,1,0,1,1,0,1,0,0,0,1,616.61
1070,1,1,0,1,0,0,1,0,1,0,0,0,1,705.213
1071,1,1,0,1,0,1,1,0,1,0,0,0,1,610.687
1072,0,0,0,1,1,0,0,0,1,0,0,0,1,818.04
1073,0,1,0,1,1,0,0,0,1,0,0,0,1,807.273
1074,0,0,0,1,1,0,1,0,1,0,0,0,1,817.34
1075,0,1,0,1,1,0,1,0,1,0,0,0,1,807
1076,1,0,0,1,1,0,0,0,1,0,0,0,1,780.93
1077,1,0,0,1,1,0,1,0,1,0,0,0,1,780.757
1078,1,1,0,1,1,0,0,0,1,0,0,0,1,773.387
1079,1,1,0,1,1,0,1,0,1,0,0,0,1,773.22
1080,0,0,0,1,1,1,0,0,1,0,0,0,1,672.413
1081,0,1,0,1,1,1,0,0,1,0,0,0,1,666.503
1082,1,0,0,1,1,1,0,0,1,0,0,0,1,652.653
1083,1,1,0,1,1,1,0,0,1,0,0,0,1,645.54
1084,0,0,0,1,1,1,1,0,1,0,0,0,1,672.213
1085,1,0,0,1,1,1,1,0,1,0,0,0,1,652.433
1086,0,1,0,1,1,1,1,0,1,0,0,0,1,666.493
1087,1,1,0,1,1,1,1,0,1,0,0,0,1,645.303
1088,0,0,1,0,0,0,0,0,1,0,0,0,1,616.62
1089,0,1,1,0,0,0,0,0,1,0,0,0,1,607.537
1090,0,0,1,0,0,0,1,0,1,0,0,0,1,616.087
1091,0,1,1,0,0,0,1,0,1,0,0,0,1,607.033
1092,0,0,1,0,0,1,0,0,1,0,0,0,1,510.183
1093,0,0,1,0,0,1,1,0,1,0,0,0,1,510.017
1094,0,1,1,0,0,1,0,0,1,0,0,0,1,508.34
1095,0,1,1,0,0,1,1,0,1,0,0,0,1,508.003
1096,0,0,1,0,1,0,0,0,1,0,0,0,1,726.79
1097,0,1,1,0,1,0,0,0,1,0,0,0,1,715.993
1098,0,0,1,0,1,1,0,0,1,0,0,0,1,580.543
1099,0,1,1,0,1,1,0,0,1,0,0,0,1,575.7
1100,0,0,1,0,1,0,1,0,1,0,0,0,1,726.643
1101,0,0,1,0,1,1,1,0,1,0,0,0,1,580.577
1102,0,1,1,0,1,0,1,0,1,0,0,0,1,715.907
1103,0,1,1,0,1,1,1,0,1,0,0,0,1,575.397
1104,0,0,1,1,0,0,0,0,1,0,0,0,1,744.893
1105,0,1,1,1,0,0,0,0,1,0,0,0,1,733.777
1106,0,0,1,1,0,0,1,0,1,0,0,0,1,744.26
1107,0,1,1,1,0,0,1,0,1,0,0,0,1,733.217
1108,0,0,1,1,1,0,0,0,1,0,0,0,1,821.527
1109,0,0,1,1,1,0,1,0,1,0,0,0,1,821.757
1110,0,1,1,1,1,0,0,0,1,0,0,0,1,809.97
1111,0,1,1,1,1,0,1,0,1,0,0,0,1,809.5
1112,0,0,1,1,0,1,0,0,1,0,0,0,1,631.283
1113,0,1,1,1,0,1,0,0,1,0,0,0,1,627.5
1114,0,0,1,1,1,1,0,0,1,0,0,0,1,671.697
1115,0,1,1,1,1,1,0,0,1,0,0,0,1,665.293
1116,0,0,1,1,0,1,1,0,1,0,0,0,1,631.053
1117,0,0,1,1,1,1,1,0,1,0,0,0,1,671.5
1118,0,1,1,1,0,1,1,0,1,0,0,0,1,627.24
1119,0,1,1,1,1,1,1,0,1,0,0,0,1,665.23
1120,1,0,1,0,0,0,0,0,1,0,0,0,1,590.18
1121,1,1,1,0,0,0,0,0,1,0,0,0,1,583.527
1122,1,0,1,0,0,0,1,0,1,0,0,0,1,589.74
1123,1,1,1,0,0,0,1,0,1,0,0,0,1,583.427
1124,1,0,1,0,0,1,0,0,1,0,0,0,1,497.333
1125,1,0,1,0,0,1,1,0,1,0,0,0,1,496.78
1126,1,1,1,0,0,1,0,0,1,0,0,0,1,492.13
1127,1,1,1,0,0,1,1,0,1,0,0,0,1,491.697
1128,1,0,1,1,0,0,0,0,1,0,0,0,1,715.25
1129,1,1,1,1,0,0,0,0,1,0,0,0,1,706.833
1130,1,0,1,1,0,1,0,0,1,0,0,0,1,615.093
1131,1,1,1,1,0,1,0,0,1,0,0,0,1,609.2
1132,1,0,1,1,0,0,1,0,1,0,0,0,1,714.667
1133,1,0,1,1,0,1,1,0,1,0,0,0,1,615.06
1134,1,1,1,1,0,0,1,0,1,0,0,0,1,706.59
1135,1,1,1,1,0,1,1,0,1,0,0,0,1,608.68
1136,1,0,1,0,1,0,0,0,1,0,0,0,1,690.717
1137,1,1,1,0,1,0,0,0,1,0,0,0,1,683.763
1138,1,0,1,0,1,0,1,0,1,0,0,0,1,690.217
1139,1,1,1,0,1,0,1,0,1,0,0,0,1,683.257
1140,1,0,1,1,1,0,0,0,1,0,0,0,1,783.877
1141,1,0,1,1,1,0,1,0,1,0,0,0,1,783.777
1142,1,1,1,1,1,0,0,0,1,0,0,0,1,775.663
1143,1,1,1,1,1,0,1,0,1,0,0,0,1,775.54
1144,1,0,1,0,1,1,0,0,1,0,0,0,1,561.743
1145,1,1,1,0,1,1,0,0,1,0,0,0,1,555.613
1146,1,0,1,1,1,1,0,0,1,0,0,0,1,651.49
1147,1,1,1,1,1,1,0,0,1,0,0,0,1,644.357
1148,1,0,1,0,1,1,1,0,1,0,0,0,1,561.42
1149,1,0,1,1,1,1,1,0,1,0,0,0,1,651.287
1150,1,1,1,0,1,1,1,0,1,0,0,0,1,555.26
1151,1,1,1,1,1,1,1,0,1,0,0,0,1,643.983
